<step title="Incoming Request" date="2025-10-05T17:15:06.042" instance="93ba60" url="/api/publish?async=true&amp;deployer=GITHUB_ONE_DEPLOY&amp;type=zip&amp;message=%7B%22type%22%3A%22deployment%22%2C%22sha%22%3A%2265cb17e5895a803695f80139a1036156f7efb8ec%22%2C%22repoName%22%3A%22cipfarorudy%2Fcipfaro-site%22%2C%22actor%22%3A%22cipfarorudy%22%2C%22slotName%22%3A%22Production%22%2C%22commitMessage%22%3A%22Fix%3A%20Force%20red%C3%A9ploiement%20Azure%20-%20correction%20runtime%20Node.js%22%7D" method="POST" type="request" pid="803,1,43" Host="cipfaro-formations.scm.azurewebsites.net" User-Agent="GITHUBACTIONS_DeployWebAppToAzure_55c9cfb4258ba8b70f1dc89468abbf68e94f2eb521b768f4823f3cce9cf4b357" Authorization="Bea..." Content-Type="application/octet-stream" Cookie="ARRAffinity=93ba60693efd27c98d25ac695a6ef440c44ba4652104de2a3ed78f5e62ba7f13;Path=/;HttpOnly;Secure;Domain=cipfaro-formations.scm.azurewebsites.net; ARRAffinitySameSite=93ba60693efd27c98d25ac695a6ef440c44ba4652104de2a3ed78f5e62ba7f13;Path=/;HttpOnly;SameSite=None;Secure;Domain=cipfaro-formations.scm.azurewebsites.net" Transfer-Encoding="chunked" X-ARR-LOG-ID="56b6dd73-a276-479b-b1a3-d9eb19c48700" CLIENT-IP="64.236.169.98:50192" X-SITE-DEPLOYMENT-ID="cipfaro-formations" WAS-DEFAULT-HOSTNAME="cipfaro-formations.scm.azurewebsites.net" X-Forwarded-Proto="https" X-AppService-Proto="https" X-Forwarded-TlsVersion="1.3" X-WAWS-Unencoded-URL="/api/publish?async=true&amp;deployer=GITHUB_ONE_DEPLOY&amp;type=zip&amp;message=%7B%22type%22%3A%22deployment%22%2C%22sha%22%3A%2265cb17e5895a803695f80139a1036156f7efb8ec%22%2C%22repoName%22%3A%22cipfarorudy%2Fcipfaro-site%22%2C%22actor%22%3A%22cipfarorudy%22%2C%22slotName%22%3A%22Production%22%2C%22commitMessage%22%3A%22Fix%3A%20Force%20red%C3%A9ploiement%20Azure%20-%20correction%20runtime%20Node.js%22%7D" X-Client-IP="64.236.169.98" X-Client-Port="50192" >
  <step title="Cleanup Xml Logs" date="2025-10-05T17:15:06.088" >
    <step title="Cleanup Infos" date="2025-10-05T17:15:06.222" totalFiles="257" totalCleanup="97" /><!-- duration: 66ms -->
  </step><!-- duration: 229ms -->
  <step title="OneDeploy" date="2025-10-05T17:15:09.424" >
    <step title="None repository commit" date="2025-10-05T17:15:10.693" >
      <step title="Commit id: a122ec9f-c5b5-47f0-82dd-f7959b568f1f" date="2025-10-05T17:15:10.709" Message="N/A" AuthorName="N/A" AuthorEmail="N/A" /><!-- duration: 9ms -->
    </step><!-- duration: 33ms -->
    <step title="Starting PushDeployAsync" date="2025-10-05T17:15:10.733" /><!-- duration: 9ms -->
    <step title="Writing artifact to /tmp/zipdeploy/aacaa9af-4610-4926-9e18-7ff7f2944661.zip" date="2025-10-05T17:15:11.191" >
      <step title="Writing multipart request body to /tmp/zipdeploy/aacaa9af-4610-4926-9e18-7ff7f2944661.zip" date="2025-10-05T17:15:11.204" /><!-- duration: 11ms -->
    </step><!-- duration: 6034ms -->
    <step title="Removing previous build artifact&apos;s manifest file" date="2025-10-05T17:15:17.273" >
      <step title="Start deployment in the background" date="2025-10-05T17:15:17.373" >
        <step title="Acquiring Deployment Lock" date="2025-10-05T17:15:17.584" /><!-- duration: 10ms -->
        <step title="Acquired Deployment Lock" date="2025-10-05T17:15:17.743" /><!-- duration: 7ms -->
      </step><!-- duration: 679ms -->
    </step><!-- duration: 845ms -->
    <step title="Outgoing response" date="2025-10-05T17:15:18.133" type="response" statusCode="202" statusText="Accepted" /><!-- duration: 9ms -->
  </step><!-- duration: 8725ms -->
