<step title="Incoming Request" date="2025-10-05T18:24:06.668" instance="93ba60" url="/api/publish?async=true&amp;deployer=GITHUB_ONE_DEPLOY&amp;type=zip&amp;message=%7B%22type%22%3A%22deployment%22%2C%22sha%22%3A%22cff043d671ffc58d643ad44e85fa874cc6eecd8e%22%2C%22repoName%22%3A%22cipfarorudy%2Fcipfaro-site%22%2C%22actor%22%3A%22cipfarorudy%22%2C%22slotName%22%3A%22Production%22%2C%22commitMessage%22%3A%22%22%7D" method="POST" type="request" pid="803,1,30" Host="cipfaro-formations.scm.azurewebsites.net" User-Agent="GITHUBACTIONS_DeployWebAppToAzure_55c9cfb4258ba8b70f1dc89468abbf68e94f2eb521b768f4823f3cce9cf4b357" Authorization="Bea..." Content-Type="application/octet-stream" Cookie="ARRAffinity=93ba60693efd27c98d25ac695a6ef440c44ba4652104de2a3ed78f5e62ba7f13;Path=/;HttpOnly;Secure;Domain=cipfaro-formations.scm.azurewebsites.net; ARRAffinitySameSite=93ba60693efd27c98d25ac695a6ef440c44ba4652104de2a3ed78f5e62ba7f13;Path=/;HttpOnly;SameSite=None;Secure;Domain=cipfaro-formations.scm.azurewebsites.net" Transfer-Encoding="chunked" X-ARR-LOG-ID="b33c2b68-6946-4cfc-b86d-141c35677ff4" CLIENT-IP="20.55.15.98:11264" X-SITE-DEPLOYMENT-ID="cipfaro-formations" WAS-DEFAULT-HOSTNAME="cipfaro-formations.scm.azurewebsites.net" X-Forwarded-Proto="https" X-AppService-Proto="https" X-Forwarded-TlsVersion="1.3" X-WAWS-Unencoded-URL="/api/publish?async=true&amp;deployer=GITHUB_ONE_DEPLOY&amp;type=zip&amp;message=%7B%22type%22%3A%22deployment%22%2C%22sha%22%3A%22cff043d671ffc58d643ad44e85fa874cc6eecd8e%22%2C%22repoName%22%3A%22cipfarorudy%2Fcipfaro-site%22%2C%22actor%22%3A%22cipfarorudy%22%2C%22slotName%22%3A%22Production%22%2C%22commitMessage%22%3A%22%22%7D" X-Client-IP="20.55.15.98" X-Client-Port="11264" >
  <step title="Cleanup Xml Logs" date="2025-10-05T18:24:06.678" >
    <step title="Cleanup Infos" date="2025-10-05T18:24:06.733" totalFiles="432" totalCleanup="272" /><!-- duration: 16ms -->
  </step><!-- duration: 78ms -->
  <step title="OneDeploy" date="2025-10-05T18:24:06.767" >
    <step title="Starting PushDeployAsync" date="2025-10-05T18:24:06.780" /><!-- duration: 6ms -->
    <step title="Writing artifact to /tmp/zipdeploy/b7472239-fff5-4ce1-bacc-c4e8fa3af887.zip" date="2025-10-05T18:24:06.817" >
      <step title="Writing multipart request body to /tmp/zipdeploy/b7472239-fff5-4ce1-bacc-c4e8fa3af887.zip" date="2025-10-05T18:24:06.828" /><!-- duration: 22ms -->
    </step><!-- duration: 7539ms -->
    <step title="Start deployment in the background" date="2025-10-05T18:24:14.411" >
      <step title="Acquiring Deployment Lock" date="2025-10-05T18:24:14.571" /><!-- duration: 10ms -->
      <step title="Cannot Acquire Deployment Lock already held" date="2025-10-05T18:24:14.613" /><!-- duration: 19ms -->
    </step><!-- duration: 388ms -->
    <step title="There is a deployment currently in progress. Please try again when it completes." date="2025-10-05T18:24:14.822" /><!-- duration: 54ms -->
  </step><!-- duration: 8119ms -->
  <step title="Outgoing response" date="2025-10-05T18:24:14.913" type="response" statusCode="409" statusText="Conflict" /><!-- duration: 19ms -->
</step><!-- duration: 8313ms -->
