<step title="Incoming Request" date="2025-10-05T18:22:34.026" instance="93ba60" url="/api/publish?async=true&amp;deployer=GITHUB_ONE_DEPLOY&amp;type=zip&amp;message=%7B%22type%22%3A%22deployment%22%2C%22sha%22%3A%22cff043d671ffc58d643ad44e85fa874cc6eecd8e%22%2C%22repoName%22%3A%22cipfarorudy%2Fcipfaro-site%22%2C%22actor%22%3A%22cipfarorudy%22%2C%22slotName%22%3A%22Production%22%2C%22commitMessage%22%3A%22%22%7D" method="POST" type="request" pid="803,1,28" Host="cipfaro-formations.scm.azurewebsites.net" User-Agent="GITHUBACTIONS_DeployWebAppToAzure_55c9cfb4258ba8b70f1dc89468abbf68e94f2eb521b768f4823f3cce9cf4b357" Authorization="Bea..." Content-Type="application/octet-stream" Cookie="ARRAffinity=93ba60693efd27c98d25ac695a6ef440c44ba4652104de2a3ed78f5e62ba7f13;Path=/;HttpOnly;Secure;Domain=cipfaro-formations.scm.azurewebsites.net; ARRAffinitySameSite=93ba60693efd27c98d25ac695a6ef440c44ba4652104de2a3ed78f5e62ba7f13;Path=/;HttpOnly;SameSite=None;Secure;Domain=cipfaro-formations.scm.azurewebsites.net" Transfer-Encoding="chunked" X-ARR-LOG-ID="f267b641-c4c1-4c6e-8628-0865a72ac932" CLIENT-IP="20.55.15.98:11264" X-SITE-DEPLOYMENT-ID="cipfaro-formations" WAS-DEFAULT-HOSTNAME="cipfaro-formations.scm.azurewebsites.net" X-Forwarded-Proto="https" X-AppService-Proto="https" X-Forwarded-TlsVersion="1.3" X-WAWS-Unencoded-URL="/api/publish?async=true&amp;deployer=GITHUB_ONE_DEPLOY&amp;type=zip&amp;message=%7B%22type%22%3A%22deployment%22%2C%22sha%22%3A%22cff043d671ffc58d643ad44e85fa874cc6eecd8e%22%2C%22repoName%22%3A%22cipfarorudy%2Fcipfaro-site%22%2C%22actor%22%3A%22cipfarorudy%22%2C%22slotName%22%3A%22Production%22%2C%22commitMessage%22%3A%22%22%7D" X-Client-IP="20.55.15.98" X-Client-Port="11264" >
  <step title="Cleanup Xml Logs" date="2025-10-05T18:22:34.037" >
    <step title="Cleanup Infos" date="2025-10-05T18:22:34.128" totalFiles="409" totalCleanup="249" /><!-- duration: 31ms -->
  </step><!-- duration: 149ms -->
  <step title="OneDeploy" date="2025-10-05T18:22:34.318" >
    <step title="Starting PushDeployAsync" date="2025-10-05T18:22:34.384" /><!-- duration: 29ms -->
    <step title="Writing artifact to /tmp/zipdeploy/8977d022-c7bc-47d7-920e-696bae840466.zip" date="2025-10-05T18:22:34.469" >
      <step title="Writing multipart request body to /tmp/zipdeploy/8977d022-c7bc-47d7-920e-696bae840466.zip" date="2025-10-05T18:22:34.488" /><!-- duration: 18ms -->
    </step><!-- duration: 12857ms -->
    <step title="Start deployment in the background" date="2025-10-05T18:22:47.390" >
      <step title="Acquiring Deployment Lock" date="2025-10-05T18:22:47.446" /><!-- duration: 20ms -->
      <step title="Cannot Acquire Deployment Lock already held" date="2025-10-05T18:22:47.504" /><!-- duration: 17ms -->
    </step><!-- duration: 285ms -->
    <step title="There is a deployment currently in progress. Please try again when it completes." date="2025-10-05T18:22:47.706" /><!-- duration: 12ms -->
  </step><!-- duration: 13418ms -->
  <step title="Outgoing response" date="2025-10-05T18:22:47.773" type="response" statusCode="409" statusText="Conflict" /><!-- duration: 10ms -->
</step><!-- duration: 13787ms -->
