<step title="Incoming Request" date="2025-10-05T18:19:31.500" instance="93ba60" url="/api/deployments/latest?deployer=OneDeploy&amp;time=2025-10-05_18-15-16Z" method="GET" type="request" pid="803,1,38" Host="cipfaro-formations.scm.azurewebsites.net" User-Agent="GITHUBACTIONS_DeployWebAppToAzure_55c9cfb4258ba8b70f1dc89468abbf68e94f2eb521b768f4823f3cce9cf4b357" Authorization="Bea..." Content-Type="application/json; charset=utf-8" Cookie="ARRAffinity=93ba60693efd27c98d25ac695a6ef440c44ba4652104de2a3ed78f5e62ba7f13;Path=/;HttpOnly;Secure;Domain=cipfaro-formations.scm.azurewebsites.net; ARRAffinitySameSite=93ba60693efd27c98d25ac695a6ef440c44ba4652104de2a3ed78f5e62ba7f13;Path=/;HttpOnly;SameSite=None;Secure;Domain=cipfaro-formations.scm.azurewebsites.net" Content-Length="0" X-ARR-LOG-ID="5ef4578b-5ea6-44f8-baff-e9ba515bb06b" CLIENT-IP="172.184.173.242:37905" X-SITE-DEPLOYMENT-ID="cipfaro-formations" WAS-DEFAULT-HOSTNAME="cipfaro-formations.scm.azurewebsites.net" X-Forwarded-Proto="https" X-AppService-Proto="https" X-Forwarded-TlsVersion="1.3" X-WAWS-Unencoded-URL="/api/deployments/latest?deployer=OneDeploy&amp;time=2025-10-05_18-15-16Z" X-Client-IP="172.184.173.242" X-Client-Port="37905" >
  <step title="Cleanup Xml Logs" date="2025-10-05T18:19:31.516" >
    <step title="Cleanup Infos" date="2025-10-05T18:19:31.549" totalFiles="379" totalCleanup="219" /><!-- duration: 33ms -->
  </step><!-- duration: 95ms -->
  <step title="DeploymentService.GetResult" date="2025-10-05T18:19:31.641" >
    <step title="DeploymentService.GetLatestDeployment" date="2025-10-05T18:19:31.653" >
      <step title="DeploymentManager.GetResults" date="2025-10-05T18:19:31.665" /><!-- duration: 863ms -->
    </step><!-- duration: 895ms -->
  </step><!-- duration: 928ms -->
  <step title="Outgoing response" date="2025-10-05T18:19:32.581" type="response" statusCode="202" statusText="Accepted" /><!-- duration: 12ms -->
</step><!-- duration: 1105ms -->
