<step title="Incoming Request" date="2025-10-05T16:05:21.777" instance="93ba60" url="/api/deployments/latest?deployer=OneDeploy&amp;time=2025-10-05_15-48-53Z" method="GET" type="request" pid="803,1,26" Host="cipfaro-formations.scm.azurewebsites.net" User-Agent="GITHUBACTIONS_DeployWebAppToAzure_55c9cfb4258ba8b70f1dc89468abbf68e94f2eb521b768f4823f3cce9cf4b357" Authorization="Bea..." Content-Type="application/json; charset=utf-8" Cookie="ARRAffinity=93ba60693efd27c98d25ac695a6ef440c44ba4652104de2a3ed78f5e62ba7f13;Path=/;HttpOnly;Secure;Domain=cipfaro-formations.scm.azurewebsites.net; ARRAffinitySameSite=93ba60693efd27c98d25ac695a6ef440c44ba4652104de2a3ed78f5e62ba7f13;Path=/;HttpOnly;SameSite=None;Secure;Domain=cipfaro-formations.scm.azurewebsites.net" Content-Length="0" X-ARR-LOG-ID="ab3dbbc1-74fd-4378-9b4e-49dc5bbde375" CLIENT-IP="52.159.246.5:42018" X-SITE-DEPLOYMENT-ID="cipfaro-formations" WAS-DEFAULT-HOSTNAME="cipfaro-formations.scm.azurewebsites.net" X-Forwarded-Proto="https" X-AppService-Proto="https" X-Forwarded-TlsVersion="1.3" X-WAWS-Unencoded-URL="/api/deployments/latest?deployer=OneDeploy&amp;time=2025-10-05_15-48-53Z" X-Client-IP="52.159.246.5" X-Client-Port="42018" >
  <step title="Cleanup Xml Logs" date="2025-10-05T16:05:21.793" >
    <step title="Cleanup Infos" date="2025-10-05T16:05:21.838" totalFiles="236" totalCleanup="76" /><!-- duration: 14ms -->
  </step><!-- duration: 69ms -->
  <step title="DeploymentService.GetResult" date="2025-10-05T16:05:21.884" >
    <step title="DeploymentService.GetLatestDeployment" date="2025-10-05T16:05:21.904" >
      <step title="DeploymentManager.GetResults" date="2025-10-05T16:05:21.916" /><!-- duration: 678ms -->
    </step><!-- duration: 698ms -->
  </step><!-- duration: 728ms -->
  <step title="Outgoing response" date="2025-10-05T16:05:22.622" type="response" statusCode="202" statusText="Accepted" /><!-- duration: 29ms -->
</step><!-- duration: 892ms -->
