<step title="Incoming Request" date="2025-10-04T16:04:45.428" instance="9e32f1" url="/api/publish?async=true&amp;deployer=GITHUB_ONE_DEPLOY&amp;type=zip&amp;message=%7B%22type%22%3A%22deployment%22%2C%22sha%22%3A%2228411466b7cd4392deab948764bf4b84519efc1e%22%2C%22repoName%22%3A%22cipfarorudy%2Fcipfaro-site%22%2C%22actor%22%3A%22cipfarorudy%22%2C%22slotName%22%3A%22Production%22%2C%22commitMessage%22%3A%22commit%20changes%22%7D" method="POST" type="request" pid="825,1,46" Host="cipfaro-formations.scm.azurewebsites.net" User-Agent="GITHUBACTIONS_DeployWebAppToAzure_55c9cfb4258ba8b70f1dc89468abbf68e94f2eb521b768f4823f3cce9cf4b357" Authorization="Bea..." Content-Type="application/octet-stream" Cookie="ARRAffinity=9e32f1660e6ecfeef48f2a0fcfda254b426e2af730e492f0b87ea119d1f67577;Path=/;HttpOnly;Secure;Domain=cipfaro-formations.scm.azurewebsites.net; ARRAffinitySameSite=9e32f1660e6ecfeef48f2a0fcfda254b426e2af730e492f0b87ea119d1f67577;Path=/;HttpOnly;SameSite=None;Secure;Domain=cipfaro-formations.scm.azurewebsites.net" Transfer-Encoding="chunked" X-ARR-LOG-ID="8aeaba72-37aa-4e74-9c70-af919d1b8d63" CLIENT-IP="52.238.24.33:38921" X-SITE-DEPLOYMENT-ID="cipfaro-formations" WAS-DEFAULT-HOSTNAME="cipfaro-formations.scm.azurewebsites.net" X-Forwarded-Proto="https" X-AppService-Proto="https" X-Forwarded-TlsVersion="1.3" X-WAWS-Unencoded-URL="/api/publish?async=true&amp;deployer=GITHUB_ONE_DEPLOY&amp;type=zip&amp;message=%7B%22type%22%3A%22deployment%22%2C%22sha%22%3A%2228411466b7cd4392deab948764bf4b84519efc1e%22%2C%22repoName%22%3A%22cipfarorudy%2Fcipfaro-site%22%2C%22actor%22%3A%22cipfarorudy%22%2C%22slotName%22%3A%22Production%22%2C%22commitMessage%22%3A%22commit%20changes%22%7D" X-Client-IP="52.238.24.33" X-Client-Port="38921" >
  <step title="Cleanup Xml Logs" date="2025-10-04T16:04:45.511" /><!-- duration: 270ms -->
  <step title="OneDeploy" date="2025-10-04T16:04:48.605" >
    <step title="None repository commit" date="2025-10-04T16:04:48.674" >
      <step title="Commit id: 51a317d6-d114-4a35-98a9-b3fb32737b91" date="2025-10-04T16:04:48.691" Message="N/A" AuthorName="N/A" AuthorEmail="N/A" /><!-- duration: 28ms -->
    </step><!-- duration: 64ms -->
    <step title="Starting PushDeployAsync" date="2025-10-04T16:04:48.747" /><!-- duration: 45ms -->
    <step title="Removing node_modules symlink" date="2025-10-04T16:04:49.140" >
      <step title="Removing _del_node_modules symlink" date="2025-10-04T16:04:50.076" >
        <step title="Writing artifact to /tmp/zipdeploy/495e7eb3-1467-4841-9129-44c10bd72253.zip" date="2025-10-04T16:04:50.264" >
          <step title="Writing multipart request body to /tmp/zipdeploy/495e7eb3-1467-4841-9129-44c10bd72253.zip" date="2025-10-04T16:04:50.350" /><!-- duration: 123ms -->
        </step><!-- duration: 11418ms -->
        <step title="Start deployment in the background" date="2025-10-04T16:05:02.229" >
          <step title="Acquiring Deployment Lock" date="2025-10-04T16:05:02.972" /><!-- duration: 147ms -->
          <step title="Acquired Deployment Lock" date="2025-10-04T16:05:04.018" /><!-- duration: 65ms -->
        </step><!-- duration: 3891ms -->
      </step><!-- duration: 16397ms -->
      <step title="Outgoing response" date="2025-10-04T16:05:06.576" type="response" statusCode="202" statusText="Accepted" /><!-- duration: 47ms -->
    </step><!-- duration: 17531ms -->
