<step title="Incoming Request" date="2025-10-05T16:04:35.888" instance="93ba60" url="/api/deployments/latest?deployer=OneDeploy&amp;time=2025-10-05_15-48-53Z" method="GET" type="request" pid="803,1,25" Host="cipfaro-formations.scm.azurewebsites.net" User-Agent="GITHUBACTIONS_DeployWebAppToAzure_55c9cfb4258ba8b70f1dc89468abbf68e94f2eb521b768f4823f3cce9cf4b357" Authorization="Bea..." Content-Type="application/json; charset=utf-8" Cookie="ARRAffinity=93ba60693efd27c98d25ac695a6ef440c44ba4652104de2a3ed78f5e62ba7f13;Path=/;HttpOnly;Secure;Domain=cipfaro-formations.scm.azurewebsites.net; ARRAffinitySameSite=93ba60693efd27c98d25ac695a6ef440c44ba4652104de2a3ed78f5e62ba7f13;Path=/;HttpOnly;SameSite=None;Secure;Domain=cipfaro-formations.scm.azurewebsites.net" Content-Length="0" X-ARR-LOG-ID="7cba2440-a66a-4df4-9d62-2570e8764913" CLIENT-IP="52.159.246.5:42016" X-SITE-DEPLOYMENT-ID="cipfaro-formations" WAS-DEFAULT-HOSTNAME="cipfaro-formations.scm.azurewebsites.net" X-Forwarded-Proto="https" X-AppService-Proto="https" X-Forwarded-TlsVersion="1.3" X-WAWS-Unencoded-URL="/api/deployments/latest?deployer=OneDeploy&amp;time=2025-10-05_15-48-53Z" X-Client-IP="52.159.246.5" X-Client-Port="42016" >
  <step title="Cleanup Xml Logs" date="2025-10-05T16:04:35.897" >
    <step title="Cleanup Infos" date="2025-10-05T16:04:35.940" totalFiles="229" totalCleanup="69" /><!-- duration: 14ms -->
  </step><!-- duration: 77ms -->
  <step title="DeploymentService.GetResult" date="2025-10-05T16:04:35.999" >
    <step title="DeploymentService.GetLatestDeployment" date="2025-10-05T16:04:36.009" >
      <step title="DeploymentManager.GetResults" date="2025-10-05T16:04:36.025" /><!-- duration: 624ms -->
    </step><!-- duration: 651ms -->
  </step><!-- duration: 675ms -->
  <step title="Outgoing response" date="2025-10-05T16:04:36.695" type="response" statusCode="202" statusText="Accepted" /><!-- duration: 14ms -->
</step><!-- duration: 834ms -->
