<step title="Incoming Request" date="2025-10-04T16:09:03.404" instance="9e32f1" url="/api/publish?async=true&amp;deployer=GITHUB_ONE_DEPLOY&amp;type=zip&amp;message=%7B%22type%22%3A%22deployment%22%2C%22sha%22%3A%2228411466b7cd4392deab948764bf4b84519efc1e%22%2C%22repoName%22%3A%22cipfarorudy%2Fcipfaro-site%22%2C%22actor%22%3A%22cipfarorudy%22%2C%22slotName%22%3A%22Production%22%2C%22commitMessage%22%3A%22%22%7D" method="POST" type="request" pid="825,1,46" Host="cipfaro-formations.scm.azurewebsites.net" User-Agent="GITHUBACTIONS_DeployWebAppToAzure_55c9cfb4258ba8b70f1dc89468abbf68e94f2eb521b768f4823f3cce9cf4b357" Authorization="Bea..." Content-Type="application/octet-stream" Cookie="ARRAffinity=9e32f1660e6ecfeef48f2a0fcfda254b426e2af730e492f0b87ea119d1f67577;Path=/;HttpOnly;Secure;Domain=cipfaro-formations.scm.azurewebsites.net; ARRAffinitySameSite=9e32f1660e6ecfeef48f2a0fcfda254b426e2af730e492f0b87ea119d1f67577;Path=/;HttpOnly;SameSite=None;Secure;Domain=cipfaro-formations.scm.azurewebsites.net" Transfer-Encoding="chunked" X-ARR-LOG-ID="aebc29a7-edff-4cc5-bb06-b48ceac991a3" CLIENT-IP="20.161.28.98:54273" X-SITE-DEPLOYMENT-ID="cipfaro-formations" WAS-DEFAULT-HOSTNAME="cipfaro-formations.scm.azurewebsites.net" X-Forwarded-Proto="https" X-AppService-Proto="https" X-Forwarded-TlsVersion="1.3" X-WAWS-Unencoded-URL="/api/publish?async=true&amp;deployer=GITHUB_ONE_DEPLOY&amp;type=zip&amp;message=%7B%22type%22%3A%22deployment%22%2C%22sha%22%3A%2228411466b7cd4392deab948764bf4b84519efc1e%22%2C%22repoName%22%3A%22cipfarorudy%2Fcipfaro-site%22%2C%22actor%22%3A%22cipfarorudy%22%2C%22slotName%22%3A%22Production%22%2C%22commitMessage%22%3A%22%22%7D" X-Client-IP="20.161.28.98" X-Client-Port="54273" >
  <step title="Cleanup Xml Logs" date="2025-10-04T16:09:03.420" /><!-- duration: 14ms -->
  <step title="OneDeploy" date="2025-10-04T16:09:03.766" >
    <step title="Starting PushDeployAsync" date="2025-10-04T16:09:03.808" /><!-- duration: 8ms -->
    <step title="Removing node_modules symlink" date="2025-10-04T16:09:03.937" >
      <step title="Writing artifact to /tmp/zipdeploy/00b1fca1-3bd4-40a7-83e3-988097868f25.zip" date="2025-10-04T16:09:04.191" >
        <step title="Writing multipart request body to /tmp/zipdeploy/00b1fca1-3bd4-40a7-83e3-988097868f25.zip" date="2025-10-04T16:09:04.316" /><!-- duration: 22ms -->
      </step><!-- duration: 3820ms -->
      <step title="Start deployment in the background" date="2025-10-04T16:09:08.163" >
        <step title="Acquiring Deployment Lock" date="2025-10-04T16:09:08.237" /><!-- duration: 8ms -->
        <step title="Acquired Deployment Lock" date="2025-10-04T16:09:08.348" /><!-- duration: 11ms -->
      </step><!-- duration: 644ms -->
    </step><!-- duration: 4985ms -->
    <step title="Outgoing response" date="2025-10-04T16:09:08.988" type="response" statusCode="202" statusText="Accepted" /><!-- duration: 73ms -->
  </step><!-- duration: 5372ms -->
