﻿<?xml version="1.0" encoding="utf-8"?>
<deployment>
  <id>a122ec9f-c5b5-47f0-82dd-f7959b568f1f</id>
  <author>N/A</author>
  <deployer>OneDeploy</deployer>
  <authorEmail>N/A</authorEmail>
  <message>OneDeploy</message>
  <progress></progress>
  <status>Success</status>
  <statusText></statusText>
  <lastSuccessEndTime>2025-10-05T17:24:04.0474998Z</lastSuccessEndTime>
  <receivedTime>2025-10-05T17:16:03.8832796Z</receivedTime>
  <startTime>2025-10-05T17:16:05.6720661Z</startTime>
  <endTime>2025-10-05T17:24:04.0474998Z</endTime>
  <complete>True</complete>
  <is_temp>False</is_temp>
  <is_readonly>True</is_readonly>
  <buildSummary />
</deployment>