﻿<?xml version="1.0" encoding="utf-8"?>
<deployment>
  <id>50530716-a352-4c34-8af4-0fa75b15899b</id>
  <author>N/A</author>
  <deployer>OneDeploy</deployer>
  <authorEmail>N/A</authorEmail>
  <message>N/A</message>
  <progress>Running oryx build...</progress>
  <status>Building</status>
  <statusText>Building and Deploying '50530716-a352-4c34-8af4-0fa75b15899b'.</statusText>
  <lastSuccessEndTime />
  <receivedTime>2025-10-05T19:49:39.0232078Z</receivedTime>
  <startTime>2025-10-05T19:49:40.579072Z</startTime>
  <endTime />
  <complete>False</complete>
  <is_temp>False</is_temp>
  <is_readonly>True</is_readonly>
  <buildSummary />
</deployment>