<step title="Incoming Request" date="2025-10-05T17:23:38.447" instance="93ba60" url="/api/publish?type=zip" method="POST" type="request" pid="803,1,29" Accept="*/*" Host="cipfaro-formations.scm.azurewebsites.net" User-Agent="AZURECLI/2.77.0 (MSI)" Accept-Encoding="gzip, deflate" Authorization="Bas..." Cache-Control="no-cache" Content-Type="application/octet-stream" Cookie="ARRAffinity=93ba60693efd27c98d25ac695a6ef440c44ba4652104de2a3ed78f5e62ba7f13; ARRAffinitySameSite=93ba60693efd27c98d25ac695a6ef440c44ba4652104de2a3ed78f5e62ba7f13" Content-Length="1326313" x-ms-client-request-id="fd4b2c26-a20f-11f0-b03d-a8a15940b63d" x-ms-artifact-checksum="200e4a17cc78bd1823ea546716cd32998df3530c689ff8075ca3a181501a2a14" X-ARR-LOG-ID="fd4b2c26-a20f-11f0-b03d-a8a15940b63d" CLIENT-IP="90.36.46.238:60338" X-SITE-DEPLOYMENT-ID="cipfaro-formations" WAS-DEFAULT-HOSTNAME="cipfaro-formations.scm.azurewebsites.net" X-Forwarded-Proto="https" X-AppService-Proto="https" X-Forwarded-TlsVersion="1.3" X-WAWS-Unencoded-URL="/api/publish?type=zip" X-Client-IP="90.36.46.238" X-Client-Port="60338" >
  <step title="Cleanup Xml Logs" date="2025-10-05T17:23:38.485" >
    <step title="Cleanup Infos" date="2025-10-05T17:23:38.542" totalFiles="331" totalCleanup="171" /><!-- duration: 21ms -->
  </step><!-- duration: 90ms -->
  <step title="OneDeploy" date="2025-10-05T17:23:38.705" >
    <step title="Starting PushDeployAsync" date="2025-10-05T17:23:38.771" /><!-- duration: 20ms -->
    <step title="Writing artifact to /tmp/zipdeploy/6cdffa8f-6ec3-44e0-a62d-d745a2a34fce.zip" date="2025-10-05T17:23:38.828" >
      <step title="Writing multipart request body to /tmp/zipdeploy/6cdffa8f-6ec3-44e0-a62d-d745a2a34fce.zip" date="2025-10-05T17:23:38.855" /><!-- duration: 38ms -->
    </step><!-- duration: 488ms -->
    <step title="Attempting to fetch target branch HEAD" date="2025-10-05T17:23:39.353" /><!-- duration: 10ms -->
    <step title="Acquiring Deployment Lock" date="2025-10-05T17:23:39.376" /><!-- duration: 15ms -->
    <step title="Cannot Acquire Deployment Lock already held" date="2025-10-05T17:23:39.419" /><!-- duration: 10ms -->
    <step title="There is a deployment currently in progress. Please try again when it completes." date="2025-10-05T17:23:39.461" /><!-- duration: 12ms -->
  </step><!-- duration: 785ms -->
  <step title="Outgoing response" date="2025-10-05T17:23:39.539" type="response" statusCode="409" statusText="Conflict" /><!-- duration: 27ms -->
</step><!-- duration: 1156ms -->
