<step title="BackgroundTrace" date="2025-10-04T13:04:17.284" instance="da4120" url="/api/publish" method="POST" >
  <step title="Creating temporary deployment - FetchDeploymentManager" date="2025-10-04T13:04:17.375" /><!-- duration: 5ms -->
  <step title="Creating temporary deployment" date="2025-10-04T13:04:17.387" /><!-- duration: 72ms -->
  <step title="Performing fetch based deployment" date="2025-10-04T13:04:17.523" >
    <step title="Cleaning up temp folders from previous zip deployments and extracting pushed zip file /tmp/zipdeploy/3a8f0ecf-626b-4ebd-af4e-521338d7c8fc.zip (44.67 MB) to /tmp/zipdeploy/extracted" date="2025-10-04T13:04:18.719" >
      <step title="ChmodRecursive Process exited with total time taken in ms: 156" date="2025-10-04T13:04:25.242" /><!-- duration: 8ms -->
    </step><!-- duration: 6538ms -->
    <step title="Deployment timer started" date="2025-10-04T13:04:27.275" >
      <step title="DeploymentManager.Deploy(id:8e8b8424-df69-4317-b214-fa5c198fb712)" date="2025-10-04T13:04:27.283" >
        <step title="Collecting changeset information" date="2025-10-04T13:04:27.321" /><!-- duration: 99ms -->
        <step title="Updating submodules" date="2025-10-04T13:04:27.439" /><!-- duration: 1150ms -->
        <step title="Determining deployment builder" date="2025-10-04T13:04:28.851" >
          <step title="Builder is OneDeployBuilder" date="2025-10-04T13:04:28.867" /><!-- duration: 5ms -->
        </step><!-- duration: 26ms -->
        <step title="PreDeployment: context.CleanOutputPath False" date="2025-10-04T13:04:28.935" >
          <step title="PreDeployment: context.OutputPath /home/site/wwwroot" date="2025-10-04T13:04:29.119" >
            <step title="Building" date="2025-10-04T13:04:29.295" >
              <step title="Executing external process" date="2025-10-04T13:04:30.143" type="process" path="starter.sh" arguments="/opt/Kudu/Scripts/absoluteTar.sh /tmp/zipdeploy/extracted/node_modules /tmp/zipdeploy/extracted/node_modules.tar.gz" /><!-- duration: 7209ms -->
              <step title="Executing external process" date="2025-10-04T13:04:37.693" type="process" path="starter.sh" arguments="/opt/Kudu/Scripts/parallel_rsync.sh /tmp/zipdeploy/extracted /home/site/wwwroot 8 /tmp/ False False node_modules " /><!-- duration: 5427ms -->
              <step title="Modified file to trigger a restart of the app container." date="2025-10-04T13:04:44.254" /><!-- duration: 9ms -->
              <step title="Skip function trigger and logicapp sync because function is not enabled." date="2025-10-04T13:04:44.283" /><!-- duration: 5ms -->
              <step title="Purge deployment items" date="2025-10-04T13:04:45.101" >
                <step title="Remove 6196ab12-, Failed, received at 10/04/2025 04:13:55" date="2025-10-04T13:04:45.184" /><!-- duration: 7ms -->
              </step><!-- duration: 96ms -->
            </step><!-- duration: 15982ms -->
          </step><!-- duration: 16173ms -->
          <step title="Cleaning up temp files" date="2025-10-04T13:04:45.297" /><!-- duration: 6ms -->
          <step title="Cleaning up temp files" date="2025-10-04T13:04:45.310" /><!-- duration: 508ms -->
          <step title="Reloading status file with latest updates" date="2025-10-04T13:04:45.847" >
            <step title="WebHooksManager.PublishEventAsync: PostDeployment" date="2025-10-04T13:04:45.854" /><!-- duration: 68ms -->
          </step><!-- duration: 81ms -->
          <step title="Cleaning up temporary deployment - fetch deployment was successful" date="2025-10-04T13:04:45.937" /><!-- duration: 5ms -->
        </step><!-- duration: 17091ms -->
      </step><!-- duration: 18773ms -->
