<step title="Incoming Request" date="2025-10-04T04:13:50.936" instance="da4120" url="/api/publish?type=zip" method="POST" type="request" pid="821,1,14" Accept="*/*" Host="cipfaro-formations.scm.azurewebsites.net" User-Agent="AZURECLI/2.77.0 (MSI)" Accept-Encoding="gzip, deflate" Authorization="Bea..." Cache-Control="no-cache" Content-Type="application/octet-stream" Content-Length="839738" x-ms-client-request-id="6a3f2f04-a0d8-11f0-bd5b-a8a15940b63d" x-ms-artifact-checksum="1e9c8d80d98e478b369aa447f54325497be01b0fd6b02328e822ac259a1a0dd1" X-ARR-LOG-ID="6a3f2f04-a0d8-11f0-bd5b-a8a15940b63d" CLIENT-IP="90.36.46.238:58088" X-SITE-DEPLOYMENT-ID="cipfaro-formations" WAS-DEFAULT-HOSTNAME="cipfaro-formations.scm.azurewebsites.net" X-Forwarded-Proto="https" X-AppService-Proto="https" X-Forwarded-TlsVersion="1.3" X-WAWS-Unencoded-URL="/api/publish?type=zip" X-Client-IP="90.36.46.238" X-Client-Port="58088" >
  <step title="OneDeploy" date="2025-10-04T04:13:51.205" >
    <step title="None repository commit" date="2025-10-04T04:13:51.223" >
      <step title="Commit id: 6196ab12-9eb6-47be-96c3-e021b5fcd03e" date="2025-10-04T04:13:51.229" Message="N/A" AuthorName="N/A" AuthorEmail="N/A" /><!-- duration: 8ms -->
    </step><!-- duration: 23ms -->
    <step title="Starting PushDeployAsync" date="2025-10-04T04:13:51.252" /><!-- duration: 6ms -->
    <step title="Writing artifact to /tmp/zipdeploy/2e6435b0-6d64-4ddd-a020-5acec359bc45.zip" date="2025-10-04T04:13:51.312" >
      <step title="Writing multipart request body to /tmp/zipdeploy/2e6435b0-6d64-4ddd-a020-5acec359bc45.zip" date="2025-10-04T04:13:51.320" /><!-- duration: 13ms -->
    </step><!-- duration: 46ms -->
    <step title="Attempting to fetch target branch HEAD" date="2025-10-04T04:13:51.379" /><!-- duration: 6ms -->
    <step title="Acquiring Deployment Lock" date="2025-10-04T04:13:51.392" /><!-- duration: 7ms -->
    <step title="Acquired Deployment Lock" date="2025-10-04T04:13:51.457" /><!-- duration: 9ms -->
    <step title="Performing fetch based deployment" date="2025-10-04T04:13:51.484" >
      <step title="Creating temporary deployment" date="2025-10-04T04:13:51.491" /><!-- duration: 211ms -->
      <step title="Releasing Deployment Lock" date="2025-10-04T04:13:52.951" /><!-- duration: 9ms -->
      <step title="Cleaning up temp folders from previous zip deployments and extracting pushed zip file /tmp/zipdeploy/2e6435b0-6d64-4ddd-a020-5acec359bc45.zip (0.80 MB) to /tmp/zipdeploy/extracted" date="2025-10-04T04:13:53.012" >
        <step title="ChmodRecursive Process exited with total time taken in ms: 26" date="2025-10-04T04:13:53.071" /><!-- duration: 16ms -->
      </step><!-- duration: 82ms -->
      <step title="None repository commit" date="2025-10-04T04:13:53.099" >
        <step title="Commit id: 6196ab12-9eb6-47be-96c3-e021b5fcd03e" date="2025-10-04T04:13:53.105" Message="OneDeploy" AuthorName="N/A" AuthorEmail="N/A" /><!-- duration: 7ms -->
      </step><!-- duration: 18ms -->
      <step title="Deployment timer started" date="2025-10-04T04:13:55.135" >
        <step title="DeploymentManager.Deploy(id:6196ab12-9eb6-47be-96c3-e021b5fcd03e)" date="2025-10-04T04:13:55.152" >
          <step title="Collecting changeset information" date="2025-10-04T04:13:55.177" /><!-- duration: 129ms -->
          <step title="Updating submodules" date="2025-10-04T04:13:55.318" /><!-- duration: 1203ms -->
          <step title="Determining deployment builder" date="2025-10-04T04:13:56.813" >
            <step title="Builder is OneDeployBuilder" date="2025-10-04T04:13:56.838" /><!-- duration: 5ms -->
          </step><!-- duration: 36ms -->
          <step title="PreDeployment: context.CleanOutputPath False" date="2025-10-04T04:13:56.911" >
            <step title="PreDeployment: context.OutputPath /home/site/wwwroot" date="2025-10-04T04:13:57.077" >
              <step title="Building" date="2025-10-04T04:13:57.281" >
                <step title="Executing external process" date="2025-10-04T04:13:57.908" type="process" path="starter.sh" arguments="/opt/Kudu/Scripts/parallel_rsync.sh /tmp/zipdeploy/extracted /home/site/wwwroot 8 /tmp/ False False  " >
                  <step title="Process dump" date="2025-10-04T04:14:05.028" exitCode="123" type="processOutput" /><!-- duration: 8ms -->
                </step><!-- duration: 7134ms -->
                <step title="Error occurred" date="2025-10-04T04:14:05.082" type="error" text="rsync: [receiver] open &quot;/home/site/wwwroot/assets\Marque-cip-icpf.webp&quot; failed: Invalid argument (22)
rsync: [receiver] open &quot;/home/site/wwwroot/assets\logo-cipfaro-LLQ-FJMI.png&quot; failed: Invalid argument (22)
rsync: [receiver] open &quot;/home/site/wwwroot/posts\lancement-site-cip-faro.md&quot; failed: Invalid argument (22)
rsync: [receiver] open &quot;/home/site/wwwroot/assets\Signature Faro.png&quot; failed: Invalid argument (22)
rsync: [receiver] open &quot;/home/site/wwwroot/assets\index-DCmsyP24.js&quot; failed: Invalid argument (22)
rsync: [receiver] open &quot;/home/site/wwwroot/assets\logo-cipfaro.png&quot; failed: Invalid argument (22)
rsync: [receiver] open &quot;/home/site/wwwroot/assets\vendor-Cmv6gU11.js&quot; failed: Invalid argument (22)
rsync: [receiver] open &quot;/home/site/wwwroot/assets\Marque-cip-icpf.png&quot; failed: Invalid argument (22)
rsync: [receiver] open &quot;/home/site/wwwroot/assets\Qualiopi Actions de formation.JPG&quot; failed: Invalid argument (22)
rsync: [receiver] open &quot;/home/site/wwwroot/assets\certificat-B04066-2025-03-30.pdf&quot; failed: Invalid argument (22)
rsync: [receiver] open &quot;/home/site/wwwroot/assets\vendor_html2canvas-B0tyYwQk.js&quot; failed: Invalid argument (22)
rsync: [receiver] open &quot;/home/site/wwwroot/assets\logo-cip-faro-ei.jpeg&quot; failed: Invalid argument (22)
rsync: [receiver] open &quot;/home/site/wwwroot/assets\vendor_dayjs-BsRXhaMw.js&quot; failed: Invalid argument (22)
rsync: [receiver] open &quot;/home/site/wwwroot/assets\Qualiopi Actions de formation cipfaro.JPG&quot; failed: Invalid argument (22)
rsync: [receiver] open &quot;/home/site/wwwroot/assets\android-icon-72x72.png&quot; failed: Invalid argument (22)
rsync: [receiver] open &quot;/home/site/wwwroot/assets\react.svg&quot; failed: Invalid argument (22)
rsync: [receiver] open &quot;/home/site/wwwroot/assets\vendor_jspdf-bti9h8c_.js&quot; failed: Invalid argument (22)
rsync error: some files/attrs were not transferred (see previous errors) (code 23) at main.c(1338) [sender=3.2.7]
rsync: [receiver] open &quot;/home/site/wwwroot/assets\Marque-cip-icpf.webp&quot; failed: Invalid argument (22)
rsync: [receiver] open &quot;/home/site/wwwroot/assets\logo-cipfaro-LLQ-FJMI.png&quot; failed: Invalid argument (22)
rsync: [receiver] open &quot;/home/site/wwwroot/posts\lancement-site-cip-faro.md&quot; failed: Invalid argument (22)
rsync: [receiver] open &quot;/home/site/wwwroot/assets\index-CgcDowzz.css&quot; failed: Invalid argument (22)
rsync: [receiver] open &quot;/home/site/wwwroot/posts\nouvelle-formation-septembre.md&quot; failed: Invalid argument (22)
rsync error: some files/attrs were not transferred (see previous errors) (code 23) at main.c(1338) [sender=3.2.7]
rsync: [receiver] open &quot;/home/site/wwwroot/assets\certificat-B04066-2025-03-30.pdf&quot; failed: Invalid argument (22)
rsync: [receiver] open &quot;/home/site/wwwroot/assets\logo-cip-faro-ei.jpeg&quot; failed: Invalid argument (22)
rsync: [receiver] open &quot;/home/site/wwwroot/assets\vendor_dayjs-BsRXhaMw.js&quot; failed: Invalid argument (22)
rsync error: some files/attrs were not transferred (see previous errors) (code 23) at main.c(1338) [sender=3.2.7]
rsync error: some files/attrs were not transferred (see previous errors) (code 23) at main.c(1338) [sender=3.2.7]
rsync error: some files/attrs were not transferred (see previous errors) (code 23) at main.c(1338) [sender=3.2.7]
rsync: [receiver] open &quot;/home/site/wwwroot/assets\Signature Faro.png&quot; failed: Invalid argument (22)
rsync: [receiver] open &quot;/home/site/wwwroot/assets\vendor-Cmv6gU11.js&quot; failed: Invalid argument (22)
rsync: [receiver] open &quot;/home/site/wwwroot/assets\Qualiopi Actions de formation cipfaro.JPG&quot; failed: Invalid argument (22)
rsync: [receiver] open &quot;/home/site/wwwroot/assets\android-icon-72x72.png&quot; failed: Invalid argument (22)
rsync: [receiver] open &quot;/home/site/wwwroot/assets\react.svg&quot; failed: Invalid argument (22)
rsync: [receiver] open &quot;/home/site/wwwroot/assets\vendor_html2canvas-B0tyYwQk.js&quot; failed: Invalid argument (22)
rsync: [receiver] open &quot;/home/site/wwwroot/assets\vendor_jspdf-bti9h8c_.js&quot; failed: Invalid argument (22)
rsync error: some files/attrs were not transferred (see previous errors) (code 23) at main.c(1338) [sender=3.2.7]
rsync error: some files/attrs were not transferred (see previous errors) (code 23) at main.c(1338) [sender=3.2.7]
rsync error: some files/attrs were not transferred (see previous errors) (code 23) at main.c(1338) [sender=3.2.7]
rsync: [receiver] open &quot;/home/site/wwwroot/assets\Marque-cip-icpf.png&quot; failed: Invalid argument (22)
rsync: [receiver] open &quot;/home/site/wwwroot/assets\Qualiopi Actions de formation.JPG&quot; failed: Invalid argument (22)
rsync: [receiver] open &quot;/home/site/wwwroot/assets\index-CgcDowzz.css&quot; failed: Invalid argument (22)
rsync: [receiver] open &quot;/home/site/wwwroot/posts\nouvelle-formation-septembre.md&quot; failed: Invalid argument (22)
rsync error: some files/attrs were not transferred (see previous errors) (code 23) at main.c(1338) [sender=3.2.7]
rsync error: some files/attrs were not transferred (see previous errors) (code 23) at main.c(1338) [sender=3.2.7]
rsync: [receiver] open &quot;/home/site/wwwroot/assets\index-DCmsyP24.js&quot; failed: Invalid argument (22)
rsync: [receiver] open &quot;/home/site/wwwroot/assets\logo-cipfaro.png&quot; failed: Invalid argument (22)
rsync error: some files/attrs were not transferred (see previous errors) (code 23) at main.c(1338) [sender=3.2.7]
rsync error: some files/attrs were not transferred (see previous errors) (code 23) at main.c(1338) [sender=3.2.7]
rsync error: some files/attrs were not transferred (see previous errors) (code 23) at main.c(1338) [sender=3.2.7]
rsync error: some files/attrs were not transferred (see previous errors) (code 23) at main.c(1338) [sender=3.2.7]
rsync error: some files/attrs were not transferred (see previous errors) (code 23) at main.c(1338) [sender=3.2.7]
rsync error: some files/attrs were not transferred (see previous errors) (code 23) at main.c(1338) [sender=3.2.7]
/opt/Kudu/Scripts/starter.sh /opt/Kudu/Scripts/parallel_rsync.sh /tmp/zipdeploy/extracted /home/site/wwwroot 8 /tmp/ False False  " stackTrace="   at Kudu.Core.Infrastructure.Executable.ExecuteInternal(ITracer tracer, Func`2 onWriteOutput, Func`2 onWriteError, CancellationToken token, Encoding encoding, String arguments, Object[] args) in /tmp/KuduLite/Kudu.Core/Infrastructure/Executable.cs:line 239
   at Kudu.Core.Infrastructure.Executable.ExecuteWithProgressWriter(ILogger logger, ITracer tracer, CancellationToken token, String arguments, Object[] args) in /tmp/KuduLite/Kudu.Core/Infrastructure/Executable.cs:line 118
   at Kudu.Core.Deployment.Generator.ExternalCommandBuilder.RunCommand(DeploymentContext context, String command, Boolean ignoreManifest, CancellationToken token, String message) in /tmp/KuduLite/Kudu.Core/Deployment/Generator/ExternalCommandBuilder.cs:line 122" /><!-- duration: 19ms -->
                <step title="Error occurred" date="2025-10-04T04:14:05.484" type="error" text="Invalid argument : &apos;/home/site/wwwroot/assets\logo-cipfaro-LLQ-FJMI.png&apos;" stackTrace="   at Interop.ThrowExceptionForIoErrno(ErrorInfo errorInfo, String path, Boolean isDirError)
   at Microsoft.Win32.SafeHandles.SafeFileHandle.Open(String fullPath, FileMode mode, FileAccess access, FileShare share, FileOptions options, Int64 preallocationSize, UnixFileMode openPermissions, Int64&amp; fileLength, UnixFileMode&amp; filePermissions, Boolean failForSymlink, Boolean&amp; wasSymlink, Func`4 createOpenException)
   at System.IO.FileSystem.CopyFile(String sourceFullPath, String destFullPath, Boolean overwrite)
   at Kudu.Core.Infrastructure.FileSystemHelpers.CopyDirectoryRecursive(String sourceDirPath, String destinationDirPath, Boolean overwrite) in /tmp/KuduLite/Kudu.Core/Infrastructure/FileSystemHelpers.cs:line 239
   at Kudu.Core.Deployment.Generator.OneDeployBuilder.Build(DeploymentContext context, CancellationToken token) in /tmp/KuduLite/Kudu.Core/Deployment/Generator/OneDeployBuilder.cs:line 108
   at Kudu.Core.Deployment.DeploymentManager.Build(ChangeSet changeSet, ITracer tracer, IDisposable deployStep, IRepository repository, DeploymentInfoBase deploymentInfo, DeploymentAnalytics deploymentAnalytics, Boolean fullBuildByDefault, CancellationToken cancellationToken) in /tmp/KuduLite/Kudu.Core/Deployment/DeploymentManager.cs:line 771" /><!-- duration: 8ms -->
              </step><!-- duration: 8549ms -->
            </step><!-- duration: 8767ms -->
            <step title="Error occurred" date="2025-10-04T04:14:05.849" type="error" text="Invalid argument : &apos;/home/site/wwwroot/assets\logo-cipfaro-LLQ-FJMI.png&apos;" stackTrace="   at Interop.ThrowExceptionForIoErrno(ErrorInfo errorInfo, String path, Boolean isDirError)
   at Microsoft.Win32.SafeHandles.SafeFileHandle.Open(String fullPath, FileMode mode, FileAccess access, FileShare share, FileOptions options, Int64 preallocationSize, UnixFileMode openPermissions, Int64&amp; fileLength, UnixFileMode&amp; filePermissions, Boolean failForSymlink, Boolean&amp; wasSymlink, Func`4 createOpenException)
   at System.IO.FileSystem.CopyFile(String sourceFullPath, String destFullPath, Boolean overwrite)
   at Kudu.Core.Infrastructure.FileSystemHelpers.CopyDirectoryRecursive(String sourceDirPath, String destinationDirPath, Boolean overwrite) in /tmp/KuduLite/Kudu.Core/Infrastructure/FileSystemHelpers.cs:line 239
   at Kudu.Core.Deployment.Generator.OneDeployBuilder.Build(DeploymentContext context, CancellationToken token) in /tmp/KuduLite/Kudu.Core/Deployment/Generator/OneDeployBuilder.cs:line 108
   at Kudu.Core.Deployment.DeploymentManager.Build(ChangeSet changeSet, ITracer tracer, IDisposable deployStep, IRepository repository, DeploymentInfoBase deploymentInfo, DeploymentAnalytics deploymentAnalytics, Boolean fullBuildByDefault, CancellationToken cancellationToken) in /tmp/KuduLite/Kudu.Core/Deployment/DeploymentManager.cs:line 771
   at Kudu.Core.Deployment.DeploymentManager.Build(ChangeSet changeSet, ITracer tracer, IDisposable deployStep, IRepository repository, DeploymentInfoBase deploymentInfo, DeploymentAnalytics deploymentAnalytics, Boolean fullBuildByDefault, CancellationToken cancellationToken) in /tmp/KuduLite/Kudu.Core/Deployment/DeploymentManager.cs:line 840" /><!-- duration: 5ms -->
            <step title="Cleaning up temp files" date="2025-10-04T04:14:05.940" /><!-- duration: 6ms -->
            <step title="Cleaning up temp files" date="2025-10-04T04:14:05.954" /><!-- duration: 507ms -->
            <step title="Error occurred" date="2025-10-04T04:14:06.492" type="error" text="Invalid argument : &apos;/home/site/wwwroot/assets\logo-cipfaro-LLQ-FJMI.png&apos;" stackTrace="   at Interop.ThrowExceptionForIoErrno(ErrorInfo errorInfo, String path, Boolean isDirError)
   at Microsoft.Win32.SafeHandles.SafeFileHandle.Open(String fullPath, FileMode mode, FileAccess access, FileShare share, FileOptions options, Int64 preallocationSize, UnixFileMode openPermissions, Int64&amp; fileLength, UnixFileMode&amp; filePermissions, Boolean failForSymlink, Boolean&amp; wasSymlink, Func`4 createOpenException)
   at System.IO.FileSystem.CopyFile(String sourceFullPath, String destFullPath, Boolean overwrite)
   at Kudu.Core.Infrastructure.FileSystemHelpers.CopyDirectoryRecursive(String sourceDirPath, String destinationDirPath, Boolean overwrite) in /tmp/KuduLite/Kudu.Core/Infrastructure/FileSystemHelpers.cs:line 239
   at Kudu.Core.Deployment.Generator.OneDeployBuilder.Build(DeploymentContext context, CancellationToken token) in /tmp/KuduLite/Kudu.Core/Deployment/Generator/OneDeployBuilder.cs:line 108
   at Kudu.Core.Deployment.DeploymentManager.Build(ChangeSet changeSet, ITracer tracer, IDisposable deployStep, IRepository repository, DeploymentInfoBase deploymentInfo, DeploymentAnalytics deploymentAnalytics, Boolean fullBuildByDefault, CancellationToken cancellationToken) in /tmp/KuduLite/Kudu.Core/Deployment/DeploymentManager.cs:line 771
   at Kudu.Core.Deployment.DeploymentManager.Build(ChangeSet changeSet, ITracer tracer, IDisposable deployStep, IRepository repository, DeploymentInfoBase deploymentInfo, DeploymentAnalytics deploymentAnalytics, Boolean fullBuildByDefault, CancellationToken cancellationToken) in /tmp/KuduLite/Kudu.Core/Deployment/DeploymentManager.cs:line 840
   at Kudu.Core.Deployment.DeploymentManager.DeployAsync(IRepository repository, ChangeSet changeSet, String deployer, Boolean clean, DeploymentInfoBase deploymentInfo, Boolean needFileUpdate, Boolean fullBuildByDefault) in /tmp/KuduLite/Kudu.Core/Deployment/DeploymentManager.cs:line 266" /><!-- duration: 6ms -->
          </step><!-- duration: 9598ms -->
          <step title="Reloading status file with latest updates" date="2025-10-04T04:14:06.565" >
            <step title="WebHooksManager.PublishEventAsync: PostDeployment" date="2025-10-04T04:14:06.572" /><!-- duration: 45ms -->
          </step><!-- duration: 60ms -->
          <step title="Error occurred" date="2025-10-04T04:14:06.630" type="error" text="Invalid argument : &apos;/home/site/wwwroot/assets\logo-cipfaro-LLQ-FJMI.png&apos;" stackTrace="   at Interop.ThrowExceptionForIoErrno(ErrorInfo errorInfo, String path, Boolean isDirError)
   at Microsoft.Win32.SafeHandles.SafeFileHandle.Open(String fullPath, FileMode mode, FileAccess access, FileShare share, FileOptions options, Int64 preallocationSize, UnixFileMode openPermissions, Int64&amp; fileLength, UnixFileMode&amp; filePermissions, Boolean failForSymlink, Boolean&amp; wasSymlink, Func`4 createOpenException)
   at System.IO.FileSystem.CopyFile(String sourceFullPath, String destFullPath, Boolean overwrite)
   at Kudu.Core.Infrastructure.FileSystemHelpers.CopyDirectoryRecursive(String sourceDirPath, String destinationDirPath, Boolean overwrite) in /tmp/KuduLite/Kudu.Core/Infrastructure/FileSystemHelpers.cs:line 239
   at Kudu.Core.Deployment.Generator.OneDeployBuilder.Build(DeploymentContext context, CancellationToken token) in /tmp/KuduLite/Kudu.Core/Deployment/Generator/OneDeployBuilder.cs:line 108
   at Kudu.Core.Deployment.DeploymentManager.Build(ChangeSet changeSet, ITracer tracer, IDisposable deployStep, IRepository repository, DeploymentInfoBase deploymentInfo, DeploymentAnalytics deploymentAnalytics, Boolean fullBuildByDefault, CancellationToken cancellationToken) in /tmp/KuduLite/Kudu.Core/Deployment/DeploymentManager.cs:line 771
   at Kudu.Core.Deployment.DeploymentManager.Build(ChangeSet changeSet, ITracer tracer, IDisposable deployStep, IRepository repository, DeploymentInfoBase deploymentInfo, DeploymentAnalytics deploymentAnalytics, Boolean fullBuildByDefault, CancellationToken cancellationToken) in /tmp/KuduLite/Kudu.Core/Deployment/DeploymentManager.cs:line 840
   at Kudu.Core.Deployment.DeploymentManager.DeployAsync(IRepository repository, ChangeSet changeSet, String deployer, Boolean clean, DeploymentInfoBase deploymentInfo, Boolean needFileUpdate, Boolean fullBuildByDefault) in /tmp/KuduLite/Kudu.Core/Deployment/DeploymentManager.cs:line 266" /><!-- duration: 5ms -->
          <step title="Marking deployment as failed and cleaning up the temp deployment" date="2025-10-04T04:14:06.698" /><!-- duration: 7ms -->
        </step><!-- duration: 11752ms -->
      </step><!-- duration: 11779ms -->
      <step title="Error occurred" date="2025-10-04T04:14:06.947" type="error" text="Deployment failed" stackTrace="   at Kudu.Core.Deployment.DeploymentManager.DeployAsync(IRepository repository, ChangeSet changeSet, String deployer, Boolean clean, DeploymentInfoBase deploymentInfo, Boolean needFileUpdate, Boolean fullBuildByDefault) in /tmp/KuduLite/Kudu.Core/Deployment/DeploymentManager.cs:line 307
   at Kudu.Core.Deployment.FetchDeploymentManager.PerformDeployment(DeploymentInfoBase deploymentInfo, IDisposable tempDeployment, ChangeSet tempChangeSet, DeployStatusApiResult updateStatusObj) in /tmp/KuduLite/Kudu.Core/Deployment/FetchDeploymentManager.cs:line 230
   at Kudu.Core.Deployment.FetchDeploymentManager.&lt;&gt;c__DisplayClass17_0.&lt;&lt;FetchDeploy&gt;b__0&gt;d.MoveNext() in /tmp/KuduLite/Kudu.Core/Deployment/FetchDeploymentManager.cs:line 131
--- End of stack trace from previous location ---
   at Kudu.Core.Deployment.FetchDeploymentManager.FetchDeploy(DeploymentInfoBase deployInfo, Boolean asyncRequested, Uri requestUri, String targetBranch) in /tmp/KuduLite/Kudu.Core/Deployment/FetchDeploymentManager.cs:line 124
   at Kudu.Services.Deployment.PushDeploymentController.PushDeployAsync(ArtifactDeploymentInfo deploymentInfo, Boolean isAsync, HttpContext context, JObject requestJson) in /tmp/KuduLite/Kudu.Services/Deployment/PushDeploymentController.cs:line 791
   at Kudu.Services.Deployment.PushDeploymentController.OneDeploy(String type, Boolean async, String path, Nullable`1 restart, Nullable`1 clean, Boolean ignoreStack, Boolean trackDeploymentProgress, Boolean trackStatus, Boolean reset) in /tmp/KuduLite/Kudu.Services/Deployment/PushDeploymentController.cs:line 624
   at Microsoft.AspNetCore.Mvc.Infrastructure.ActionMethodExecutor.TaskOfIActionResultExecutor.Execute(ActionContext actionContext, IActionResultTypeMapper mapper, ObjectMethodExecutor executor, Object controller, Object[] arguments)
   at Microsoft.AspNetCore.Mvc.Infrastructure.ControllerActionInvoker.&lt;InvokeActionMethodAsync&gt;g__Awaited|12_0(ControllerActionInvoker invoker, ValueTask`1 actionResultValueTask)
   at Microsoft.AspNetCore.Mvc.Infrastructure.ControllerActionInvoker.&lt;InvokeNextActionFilterAsync&gt;g__Awaited|10_0(ControllerActionInvoker invoker, Task lastTask, State next, Scope scope, Object state, Boolean isCompleted)
   at Microsoft.AspNetCore.Mvc.Infrastructure.ControllerActionInvoker.Rethrow(ActionExecutedContextSealed context)
   at Microsoft.AspNetCore.Mvc.Infrastructure.ControllerActionInvoker.Next(State&amp; next, Scope&amp; scope, Object&amp; state, Boolean&amp; isCompleted)
   at Microsoft.AspNetCore.Mvc.Infrastructure.ControllerActionInvoker.&lt;InvokeInnerFilterAsync&gt;g__Awaited|13_0(ControllerActionInvoker invoker, Task lastTask, State next, Scope scope, Object state, Boolean isCompleted)
   at Microsoft.AspNetCore.Mvc.Infrastructure.ResourceInvoker.&lt;InvokeNextResourceFilter&gt;g__Awaited|25_0(ResourceInvoker invoker, Task lastTask, State next, Scope scope, Object state, Boolean isCompleted)
   at Microsoft.AspNetCore.Mvc.Infrastructure.ResourceInvoker.Rethrow(ResourceExecutedContextSealed context)
   at Microsoft.AspNetCore.Mvc.Infrastructure.ResourceInvoker.Next(State&amp; next, Scope&amp; scope, Object&amp; state, Boolean&amp; isCompleted)
   at Microsoft.AspNetCore.Mvc.Infrastructure.ResourceInvoker.&lt;InvokeFilterPipelineAsync&gt;g__Awaited|20_0(ResourceInvoker invoker, Task lastTask, State next, Scope scope, Object state, Boolean isCompleted)
   at Microsoft.AspNetCore.Mvc.Infrastructure.ResourceInvoker.&lt;InvokeAsync&gt;g__Awaited|17_0(ResourceInvoker invoker, Task task, IDisposable scope)
   at Microsoft.AspNetCore.Mvc.Infrastructure.ResourceInvoker.&lt;InvokeAsync&gt;g__Awaited|17_0(ResourceInvoker invoker, Task task, IDisposable scope)
   at Microsoft.AspNetCore.Builder.RouterMiddleware.Invoke(HttpContext httpContext)
   at Kudu.Services.Web.Tracing.TraceMiddleware.Invoke(HttpContext context) in /tmp/KuduLite/Kudu.Services.Web/Tracing/TraceMiddleware.cs:line 101" innerText="Invalid argument : &apos;/home/site/wwwroot/assets\logo-cipfaro-LLQ-FJMI.png&apos;" innerStackTrace="   at Interop.ThrowExceptionForIoErrno(ErrorInfo errorInfo, String path, Boolean isDirError)
   at Microsoft.Win32.SafeHandles.SafeFileHandle.Open(String fullPath, FileMode mode, FileAccess access, FileShare share, FileOptions options, Int64 preallocationSize, UnixFileMode openPermissions, Int64&amp; fileLength, UnixFileMode&amp; filePermissions, Boolean failForSymlink, Boolean&amp; wasSymlink, Func`4 createOpenException)
   at System.IO.FileSystem.CopyFile(String sourceFullPath, String destFullPath, Boolean overwrite)
   at Kudu.Core.Infrastructure.FileSystemHelpers.CopyDirectoryRecursive(String sourceDirPath, String destinationDirPath, Boolean overwrite) in /tmp/KuduLite/Kudu.Core/Infrastructure/FileSystemHelpers.cs:line 239
   at Kudu.Core.Deployment.Generator.OneDeployBuilder.Build(DeploymentContext context, CancellationToken token) in /tmp/KuduLite/Kudu.Core/Deployment/Generator/OneDeployBuilder.cs:line 108
   at Kudu.Core.Deployment.DeploymentManager.Build(ChangeSet changeSet, ITracer tracer, IDisposable deployStep, IRepository repository, DeploymentInfoBase deploymentInfo, DeploymentAnalytics deploymentAnalytics, Boolean fullBuildByDefault, CancellationToken cancellationToken) in /tmp/KuduLite/Kudu.Core/Deployment/DeploymentManager.cs:line 771
   at Kudu.Core.Deployment.DeploymentManager.Build(ChangeSet changeSet, ITracer tracer, IDisposable deployStep, IRepository repository, DeploymentInfoBase deploymentInfo, DeploymentAnalytics deploymentAnalytics, Boolean fullBuildByDefault, CancellationToken cancellationToken) in /tmp/KuduLite/Kudu.Core/Deployment/DeploymentManager.cs:line 840
   at Kudu.Core.Deployment.DeploymentManager.DeployAsync(IRepository repository, ChangeSet changeSet, String deployer, Boolean clean, DeploymentInfoBase deploymentInfo, Boolean needFileUpdate, Boolean fullBuildByDefault) in /tmp/KuduLite/Kudu.Core/Deployment/DeploymentManager.cs:line 266" /><!-- duration: 5ms -->
      <step title="Incoming Request" date="2025-10-04T04:14:06.979" url="/Error?type=zip" method="POST" type="request" pid="821,1,5" Accept="*/*" Host="cipfaro-formations.scm.azurewebsites.net" User-Agent="AZURECLI/2.77.0 (MSI)" Accept-Encoding="gzip, deflate" Authorization="Bea..." Cache-Control="no-cache" Content-Type="application/octet-stream" Content-Length="839738" x-ms-client-request-id="6a3f2f04-a0d8-11f0-bd5b-a8a15940b63d" x-ms-artifact-checksum="1e9c8d80d98e478b369aa447f54325497be01b0fd6b02328e822ac259a1a0dd1" X-ARR-LOG-ID="6a3f2f04-a0d8-11f0-bd5b-a8a15940b63d" CLIENT-IP="90.36.46.238:58088" X-SITE-DEPLOYMENT-ID="cipfaro-formations" WAS-DEFAULT-HOSTNAME="cipfaro-formations.scm.azurewebsites.net" X-Forwarded-Proto="https" X-AppService-Proto="https" X-Forwarded-TlsVersion="1.3" X-WAWS-Unencoded-URL="/api/publish?type=zip" X-Client-IP="90.36.46.238" X-Client-Port="58088" >
        <step title="Outgoing response" date="2025-10-04T04:14:06.997" type="response" statusCode="400" statusText="BadRequest" /><!-- duration: 5ms -->
      </step><!-- duration: 33ms -->
