<step title="Incoming Request" date="2025-10-05T17:21:45.003" instance="93ba60" url="/api/deployments/latest?deployer=OneDeploy&amp;time=2025-10-05_17-15-18Z" method="GET" type="request" pid="803,1,41" Host="cipfaro-formations.scm.azurewebsites.net" User-Agent="GITHUBACTIONS_DeployWebAppToAzure_55c9cfb4258ba8b70f1dc89468abbf68e94f2eb521b768f4823f3cce9cf4b357" Authorization="Bea..." Content-Type="application/json; charset=utf-8" Cookie="ARRAffinity=93ba60693efd27c98d25ac695a6ef440c44ba4652104de2a3ed78f5e62ba7f13;Path=/;HttpOnly;Secure;Domain=cipfaro-formations.scm.azurewebsites.net; ARRAffinitySameSite=93ba60693efd27c98d25ac695a6ef440c44ba4652104de2a3ed78f5e62ba7f13;Path=/;HttpOnly;SameSite=None;Secure;Domain=cipfaro-formations.scm.azurewebsites.net" Content-Length="0" X-ARR-LOG-ID="ff740175-7b90-4f98-8dc9-897fe810ad4a" CLIENT-IP="64.236.169.98:50194" X-SITE-DEPLOYMENT-ID="cipfaro-formations" WAS-DEFAULT-HOSTNAME="cipfaro-formations.scm.azurewebsites.net" X-Forwarded-Proto="https" X-AppService-Proto="https" X-Forwarded-TlsVersion="1.3" X-WAWS-Unencoded-URL="/api/deployments/latest?deployer=OneDeploy&amp;time=2025-10-05_17-15-18Z" X-Client-IP="64.236.169.98" X-Client-Port="50194" >
  <step title="Cleanup Xml Logs" date="2025-10-05T17:21:45.013" >
    <step title="Cleanup Infos" date="2025-10-05T17:21:45.059" totalFiles="314" totalCleanup="154" /><!-- duration: 16ms -->
  </step><!-- duration: 79ms -->
  <step title="DeploymentService.GetResult" date="2025-10-05T17:21:45.117" >
    <step title="DeploymentService.GetLatestDeployment" date="2025-10-05T17:21:45.129" >
      <step title="DeploymentManager.GetResults" date="2025-10-05T17:21:45.144" /><!-- duration: 759ms -->
    </step><!-- duration: 789ms -->
  </step><!-- duration: 815ms -->
  <step title="Outgoing response" date="2025-10-05T17:21:45.958" type="response" statusCode="202" statusText="Accepted" /><!-- duration: 10ms -->
</step><!-- duration: 982ms -->
