<step title="Incoming Request" date="2025-10-05T16:01:54.080" instance="93ba60" url="/api/deployments/latest?deployer=OneDeploy&amp;time=2025-10-05_15-48-53Z" method="GET" type="request" pid="803,1,25" Host="cipfaro-formations.scm.azurewebsites.net" User-Agent="GITHUBACTIONS_DeployWebAppToAzure_55c9cfb4258ba8b70f1dc89468abbf68e94f2eb521b768f4823f3cce9cf4b357" Authorization="Bea..." Content-Type="application/json; charset=utf-8" Cookie="ARRAffinity=93ba60693efd27c98d25ac695a6ef440c44ba4652104de2a3ed78f5e62ba7f13;Path=/;HttpOnly;Secure;Domain=cipfaro-formations.scm.azurewebsites.net; ARRAffinitySameSite=93ba60693efd27c98d25ac695a6ef440c44ba4652104de2a3ed78f5e62ba7f13;Path=/;HttpOnly;SameSite=None;Secure;Domain=cipfaro-formations.scm.azurewebsites.net" Content-Length="0" X-ARR-LOG-ID="1444e0f0-cf53-4603-986a-4e055101251b" CLIENT-IP="52.159.246.5:42016" X-SITE-DEPLOYMENT-ID="cipfaro-formations" WAS-DEFAULT-HOSTNAME="cipfaro-formations.scm.azurewebsites.net" X-Forwarded-Proto="https" X-AppService-Proto="https" X-Forwarded-TlsVersion="1.3" X-WAWS-Unencoded-URL="/api/deployments/latest?deployer=OneDeploy&amp;time=2025-10-05_15-48-53Z" X-Client-IP="52.159.246.5" X-Client-Port="42016" >
  <step title="Cleanup Xml Logs" date="2025-10-05T16:01:54.096" >
    <step title="Cleanup Infos" date="2025-10-05T16:01:54.134" totalFiles="205" totalCleanup="45" /><!-- duration: 22ms -->
  </step><!-- duration: 73ms -->
  <step title="DeploymentService.GetResult" date="2025-10-05T16:01:54.222" >
    <step title="DeploymentService.GetLatestDeployment" date="2025-10-05T16:01:54.233" >
      <step title="DeploymentManager.GetResults" date="2025-10-05T16:01:54.244" /><!-- duration: 654ms -->
    </step><!-- duration: 680ms -->
  </step><!-- duration: 701ms -->
  <step title="Outgoing response" date="2025-10-05T16:01:54.947" type="response" statusCode="202" statusText="Accepted" /><!-- duration: 10ms -->
</step><!-- duration: 887ms -->
