﻿<?xml version="1.0" encoding="utf-8"?>
<deployment>
  <id>temp-61a919b3</id>
  <author>OneDeploy</author>
  <deployer>OneDeploy</deployer>
  <authorEmail>N/A</authorEmail>
  <message>N/A</message>
  <progress>Fetching changes.</progress>
  <status>Pending</status>
  <statusText>Receiving changes.</statusText>
  <lastSuccessEndTime />
  <receivedTime>2025-10-05T19:48:48.9331067Z</receivedTime>
  <startTime>2025-10-05T19:48:48.9331067Z</startTime>
  <endTime />
  <complete>False</complete>
  <is_temp>True</is_temp>
  <is_readonly>False</is_readonly>
  <buildSummary />
</deployment>