﻿<?xml version="1.0" encoding="utf-8"?>
<deployment>
  <id>cfa6b63d4d2d2411ee3ce305211bed351a955add</id>
  <author>farorudy</author>
  <deployer>GitHub</deployer>
  <authorEmail>rudy.faro@gmail.com</authorEmail>
  <message>Force redeploy to fix Azure runtime issue</message>
  <progress></progress>
  <status>Failed</status>
  <statusText></statusText>
  <lastSuccessEndTime />
  <receivedTime>2025-10-05T19:43:46.3865011Z</receivedTime>
  <startTime>2025-10-05T19:43:47.9819398Z</startTime>
  <endTime>2025-10-05T19:44:14.2269865Z</endTime>
  <complete>True</complete>
  <is_temp>False</is_temp>
  <is_readonly>False</is_readonly>
  <buildSummary />
</deployment>