﻿<?xml version="1.0" encoding="utf-8"?>
<deployment>
  <id>99d58b53-f7bd-4d3e-8bb3-10311cded15f</id>
  <author>N/A</author>
  <deployer>OneDeploy</deployer>
  <authorEmail>N/A</authorEmail>
  <message>OneDeploy</message>
  <progress></progress>
  <status>Success</status>
  <statusText></statusText>
  <lastSuccessEndTime>2025-10-05T18:21:50.9944765Z</lastSuccessEndTime>
  <receivedTime>2025-10-05T18:15:54.4291929Z</receivedTime>
  <startTime>2025-10-05T18:15:56.1392815Z</startTime>
  <endTime>2025-10-05T18:21:50.9944765Z</endTime>
  <complete>True</complete>
  <is_temp>False</is_temp>
  <is_readonly>True</is_readonly>
  <buildSummary />
</deployment>