<step title="BackgroundTrace" date="2025-10-04T03:14:55.406" instance="c4d47a" url="/api/publish" method="POST" >
  <step title="Creating temporary deployment - FetchDeploymentManager" date="2025-10-04T03:14:55.713" /><!-- duration: 6ms -->
  <step title="Creating temporary deployment" date="2025-10-04T03:14:55.730" /><!-- duration: 316ms -->
  <step title="Performing fetch based deployment" date="2025-10-04T03:14:56.451" >
    <step title="Deployment timer started" date="2025-10-04T03:15:00.257" >
      <step title="DeploymentManager.Deploy(id:f218c116-e228-4e1d-922d-e3835dfc21b1)" date="2025-10-04T03:15:00.268" >
        <step title="Collecting changeset information" date="2025-10-04T03:15:00.342" /><!-- duration: 116ms -->
        <step title="Updating submodules" date="2025-10-04T03:15:00.469" /><!-- duration: 1167ms -->
        <step title="Determining deployment builder" date="2025-10-04T03:15:02.115" >
          <step title="Builder is RunFromZipSiteBuilder" date="2025-10-04T03:15:02.197" /><!-- duration: 19ms -->
        </step><!-- duration: 131ms -->
        <step title="PreDeployment: context.CleanOutputPath False" date="2025-10-04T03:15:02.391" >
          <step title="PreDeployment: context.OutputPath /home/site/wwwroot" date="2025-10-04T03:15:02.697" >
            <step title="Building" date="2025-10-04T03:15:03.046" >
              <step title="Modified file to trigger a restart of the app container." date="2025-10-04T03:15:03.695" /><!-- duration: 43ms -->
              <step title="Skip function trigger and logicapp sync because function is not enabled." date="2025-10-04T03:15:03.753" /><!-- duration: 21ms -->
            </step><!-- duration: 2184ms -->
          </step><!-- duration: 2552ms -->
          <step title="Cleaning up temp files" date="2025-10-04T03:15:05.255" /><!-- duration: 12ms -->
          <step title="Cleaning up temp files" date="2025-10-04T03:15:05.280" /><!-- duration: 509ms -->
          <step title="Reloading status file with latest updates" date="2025-10-04T03:15:05.856" >
            <step title="WebHooksManager.PublishEventAsync: PostDeployment" date="2025-10-04T03:15:05.866" /><!-- duration: 117ms -->
          </step><!-- duration: 133ms -->
          <step title="Cleaning up temporary deployment - fetch deployment was successful" date="2025-10-04T03:15:06.000" /><!-- duration: 6ms -->
        </step><!-- duration: 3725ms -->
      </step><!-- duration: 5880ms -->
