<step title="Incoming Request" date="2025-10-04T03:24:46.874" instance="c4d47a" url="/api/publish?type=zip" method="POST" type="request" pid="821,1,29" Accept="*/*" Host="app-cipfaro-prod.scm.azurewebsites.net" User-Agent="AZURECLI/2.77.0 (MSI)" Accept-Encoding="gzip, deflate" Authorization="Bea..." Cache-Control="no-cache" Content-Type="application/octet-stream" Cookie="ARRAffinity=c4d47a4d0dad68c4274b400d3992454f4aef69d5604139d95814ca2772d9aac3; ARRAffinitySameSite=c4d47a4d0dad68c4274b400d3992454f4aef69d5604139d95814ca2772d9aac3" Content-Length="840901" x-ms-client-request-id="a120841b-a0d1-11f0-af64-a8a15940b63d" x-ms-artifact-checksum="2c9acc7cfbfd00dc917a3d8344593f39466ce6a5e4c98918f3a50626eaceb4b5" X-ARR-LOG-ID="a120841b-a0d1-11f0-af64-a8a15940b63d" CLIENT-IP="90.36.46.238:53691" X-SITE-DEPLOYMENT-ID="app-cipfaro-prod" WAS-DEFAULT-HOSTNAME="app-cipfaro-prod.scm.azurewebsites.net" X-Forwarded-Proto="https" X-AppService-Proto="https" X-Forwarded-TlsVersion="1.3" X-WAWS-Unencoded-URL="/api/publish?type=zip" X-Client-IP="90.36.46.238" X-Client-Port="53691" >
  <step title="Cleanup Xml Logs" date="2025-10-04T03:24:46.922" /><!-- duration: 58ms -->
  <step title="OneDeploy" date="2025-10-04T03:24:47.185" >
    <step title="Starting PushDeployAsync" date="2025-10-04T03:24:47.218" /><!-- duration: 7ms -->
    <step title="WEBSITE_RUN_FROM_PACKAGE is set to 1. Writing zip to SitePackagesPath" date="2025-10-04T03:24:47.250" /><!-- duration: 18ms -->
    <step title="Copying zip to SitePackages /home/data/SitePackages/20251004032447.zip from request body" date="2025-10-04T03:24:47.307" /><!-- duration: 47ms -->
    <step title="Writing multipart request body to /home/data/SitePackages/20251004032447.zip" date="2025-10-04T03:24:47.385" /><!-- duration: 13ms -->
    <step title="Attempting to fetch target branch HEAD" date="2025-10-04T03:24:47.759" /><!-- duration: 6ms -->
    <step title="Acquiring Deployment Lock" date="2025-10-04T03:24:47.779" /><!-- duration: 6ms -->
    <step title="Acquired Deployment Lock" date="2025-10-04T03:24:47.876" /><!-- duration: 38ms -->
    <step title="Performing fetch based deployment" date="2025-10-04T03:24:48.009" >
      <step title="Creating temporary deployment" date="2025-10-04T03:24:48.039" /><!-- duration: 367ms -->
      <step title="Releasing Deployment Lock" date="2025-10-04T03:24:49.948" /><!-- duration: 23ms -->
      <step title="None repository commit" date="2025-10-04T03:24:50.143" >
        <step title="Commit id: cb6dd282-8477-4aac-95bc-159b181cfa15" date="2025-10-04T03:24:50.161" Message="OneDeploy" AuthorName="N/A" AuthorEmail="N/A" /><!-- duration: 11ms -->
      </step><!-- duration: 40ms -->
      <step title="Deployment timer started" date="2025-10-04T03:24:52.245" >
        <step title="DeploymentManager.Deploy(id:cb6dd282-8477-4aac-95bc-159b181cfa15)" date="2025-10-04T03:24:52.275" >
          <step title="Collecting changeset information" date="2025-10-04T03:24:52.452" /><!-- duration: 331ms -->
          <step title="Updating submodules" date="2025-10-04T03:24:52.822" /><!-- duration: 1379ms -->
          <step title="Determining deployment builder" date="2025-10-04T03:24:54.672" >
            <step title="Builder is RunFromZipSiteBuilder" date="2025-10-04T03:24:54.740" /><!-- duration: 17ms -->
          </step><!-- duration: 97ms -->
          <step title="PreDeployment: context.CleanOutputPath False" date="2025-10-04T03:24:54.885" >
            <step title="PreDeployment: context.OutputPath /home/site/wwwroot" date="2025-10-04T03:24:55.263" >
              <step title="Building" date="2025-10-04T03:24:55.595" >
                <step title="Modified file to trigger a restart of the app container." date="2025-10-04T03:24:56.698" /><!-- duration: 25ms -->
                <step title="Skip function trigger and logicapp sync because function is not enabled." date="2025-10-04T03:24:56.745" /><!-- duration: 20ms -->
              </step><!-- duration: 3227ms -->
            </step><!-- duration: 3588ms -->
            <step title="Cleaning up temp files" date="2025-10-04T03:24:58.864" /><!-- duration: 20ms -->
            <step title="Cleaning up temp files" date="2025-10-04T03:24:58.922" /><!-- duration: 562ms -->
            <step title="Reloading status file with latest updates" date="2025-10-04T03:24:59.592" >
              <step title="WebHooksManager.PublishEventAsync: PostDeployment" date="2025-10-04T03:24:59.629" /><!-- duration: 138ms -->
            </step><!-- duration: 202ms -->
            <step title="Cleaning up temporary deployment - fetch deployment was successful" date="2025-10-04T03:24:59.842" /><!-- duration: 29ms -->
          </step><!-- duration: 5154ms -->
        </step><!-- duration: 7831ms -->
        <step title="Outgoing response" date="2025-10-04T03:25:00.144" type="response" statusCode="200" statusText="OK" /><!-- duration: 20ms -->
      </step><!-- duration: 7938ms -->
