<step title="BackgroundTrace" date="2025-10-04T03:13:51.605" instance="c4d47a" url="/api/zipdeploy" method="POST" >
  <step title="Creating temporary deployment - FetchDeploymentManager" date="2025-10-04T03:13:51.793" /><!-- duration: 28ms -->
  <step title="Creating temporary deployment" date="2025-10-04T03:13:51.862" /><!-- duration: 211ms -->
  <step title="Performing fetch based deployment" date="2025-10-04T03:13:52.713" >
    <step title="Deployment timer started" date="2025-10-04T03:13:56.460" >
      <step title="DeploymentManager.Deploy(id:9cc25601-e9b0-42f4-96ca-b9516afe425c)" date="2025-10-04T03:13:56.498" >
        <step title="Collecting changeset information" date="2025-10-04T03:13:56.539" /><!-- duration: 250ms -->
        <step title="Updating submodules" date="2025-10-04T03:13:56.805" /><!-- duration: 1190ms -->
        <step title="Determining deployment builder" date="2025-10-04T03:13:58.333" >
          <step title="Builder is RunFromZipSiteBuilder" date="2025-10-04T03:13:58.382" /><!-- duration: 18ms -->
        </step><!-- duration: 88ms -->
        <step title="PreDeployment: context.CleanOutputPath False" date="2025-10-04T03:13:58.572" >
          <step title="PreDeployment: context.OutputPath /home/site/wwwroot" date="2025-10-04T03:13:58.981" >
            <step title="Building" date="2025-10-04T03:13:59.212" >
              <step title="Triggering recycle (preview mode disabled)." date="2025-10-04T03:13:59.776" /><!-- duration: 9ms -->
              <step title="Modified file to trigger a restart of the app container." date="2025-10-04T03:13:59.849" /><!-- duration: 8ms -->
              <step title="Skip function trigger and logicapp sync because function is not enabled." date="2025-10-04T03:13:59.866" /><!-- duration: 6ms -->
            </step><!-- duration: 1829ms -->
          </step><!-- duration: 2088ms -->
          <step title="Cleaning up temp files" date="2025-10-04T03:14:01.087" /><!-- duration: 20ms -->
          <step title="Cleaning up temp files" date="2025-10-04T03:14:01.123" /><!-- duration: 531ms -->
          <step title="Reloading status file with latest updates" date="2025-10-04T03:14:01.934" >
            <step title="WebHooksManager.PublishEventAsync: PostDeployment" date="2025-10-04T03:14:01.962" /><!-- duration: 211ms -->
          </step><!-- duration: 254ms -->
          <step title="Cleaning up temporary deployment - fetch deployment was successful" date="2025-10-04T03:14:02.209" /><!-- duration: 7ms -->
        </step><!-- duration: 3726ms -->
      </step><!-- duration: 5902ms -->
