<step title="Incoming Request" date="2025-10-04T03:14:54.565" instance="c4d47a" url="/api/publish?async=true&amp;deployer=GITHUB_ONE_DEPLOY&amp;type=zip&amp;message=%7B%22type%22%3A%22deployment%22%2C%22sha%22%3A%22d74f57616402a5566e2b299fa91e61427100070d%22%2C%22repoName%22%3A%22cipfarorudy%2Fcipfaro-site%22%2C%22actor%22%3A%22cipfarorudy%22%2C%22slotName%22%3A%22Production%22%2C%22commitMessage%22%3A%22Add%20or%20update%20the%20Azure%20App%20Service%20build%20and%20deployment%20workflow%20config%22%7D" method="POST" type="request" pid="821,1,5" Host="app-cipfaro-prod.scm.azurewebsites.net" User-Agent="GITHUBACTIONS_DeployWebAppToAzure_55c9cfb4258ba8b70f1dc89468abbf68e94f2eb521b768f4823f3cce9cf4b357" Authorization="Bea..." Content-Type="application/octet-stream" Cookie="ARRAffinity=c4d47a4d0dad68c4274b400d3992454f4aef69d5604139d95814ca2772d9aac3;Path=/;HttpOnly;Secure;Domain=app-cipfaro-prod.scm.azurewebsites.net; ARRAffinitySameSite=c4d47a4d0dad68c4274b400d3992454f4aef69d5604139d95814ca2772d9aac3;Path=/;HttpOnly;SameSite=None;Secure;Domain=app-cipfaro-prod.scm.azurewebsites.net" Transfer-Encoding="chunked" X-ARR-LOG-ID="91697ceb-5d03-4b56-ad4e-f2f904e4c172" CLIENT-IP="135.232.200.18:41984" X-SITE-DEPLOYMENT-ID="app-cipfaro-prod" WAS-DEFAULT-HOSTNAME="app-cipfaro-prod.scm.azurewebsites.net" X-Forwarded-Proto="https" X-AppService-Proto="https" X-Forwarded-TlsVersion="1.3" X-WAWS-Unencoded-URL="/api/publish?async=true&amp;deployer=GITHUB_ONE_DEPLOY&amp;type=zip&amp;message=%7B%22type%22%3A%22deployment%22%2C%22sha%22%3A%22d74f57616402a5566e2b299fa91e61427100070d%22%2C%22repoName%22%3A%22cipfarorudy%2Fcipfaro-site%22%2C%22actor%22%3A%22cipfarorudy%22%2C%22slotName%22%3A%22Production%22%2C%22commitMessage%22%3A%22Add%20or%20update%20the%20Azure%20App%20Service%20build%20and%20deployment%20workflow%20config%22%7D" X-Client-IP="135.232.200.18" X-Client-Port="41984" >
  <step title="OneDeploy" date="2025-10-04T03:14:54.691" >
    <step title="None repository commit" date="2025-10-04T03:14:54.718" >
      <step title="Commit id: f218c116-e228-4e1d-922d-e3835dfc21b1" date="2025-10-04T03:14:54.725" Message="N/A" AuthorName="N/A" AuthorEmail="N/A" /><!-- duration: 6ms -->
    </step><!-- duration: 19ms -->
    <step title="Starting PushDeployAsync" date="2025-10-04T03:14:54.744" /><!-- duration: 11ms -->
    <step title="WEBSITE_RUN_FROM_PACKAGE is set to 1. Writing zip to SitePackagesPath" date="2025-10-04T03:14:54.772" /><!-- duration: 12ms -->
    <step title="Copying zip to SitePackages /home/data/SitePackages/20251004031454.zip from request body" date="2025-10-04T03:14:54.796" /><!-- duration: 10ms -->
    <step title="Writing multipart request body to /home/data/SitePackages/20251004031454.zip" date="2025-10-04T03:14:54.814" /><!-- duration: 20ms -->
    <step title="Start deployment in the background" date="2025-10-04T03:14:55.384" >
      <step title="Acquiring Deployment Lock" date="2025-10-04T03:14:55.502" /><!-- duration: 17ms -->
      <step title="Acquired Deployment Lock" date="2025-10-04T03:14:55.636" /><!-- duration: 57ms -->
    </step><!-- duration: 718ms -->
  </step><!-- duration: 1518ms -->
  <step title="Outgoing response" date="2025-10-04T03:14:56.287" type="response" statusCode="202" statusText="Accepted" /><!-- duration: 27ms -->
</step><!-- duration: 1767ms -->
