<step title="Incoming Request" date="2025-10-04T03:13:50.454" instance="c4d47a" url="/api/zipdeploy?isAsync=true" method="POST" type="request" pid="823,1,7" Accept="*/*" Host="app-cipfaro-prod.scm.azurewebsites.net" User-Agent="AZURECLI/2.77.0 (MSI)" Accept-Encoding="gzip, deflate" Authorization="Bea..." Cache-Control="no-cache" Content-Type="application/octet-stream" Content-Length="840901" x-ms-client-request-id="a1c69c0c-a0cf-11f0-b2f2-a8a15940b63d" x-ms-artifact-checksum="2c9acc7cfbfd00dc917a3d8344593f39466ce6a5e4c98918f3a50626eaceb4b5" X-ARR-LOG-ID="a1c69c0c-a0cf-11f0-b2f2-a8a15940b63d" CLIENT-IP="90.36.46.238:52328" X-SITE-DEPLOYMENT-ID="app-cipfaro-prod" WAS-DEFAULT-HOSTNAME="app-cipfaro-prod.scm.azurewebsites.net" X-Forwarded-Proto="https" X-AppService-Proto="https" X-Forwarded-TlsVersion="1.3" X-WAWS-Unencoded-URL="/api/zipdeploy?isAsync=true" X-Client-IP="90.36.46.238" X-Client-Port="52328" >
  <step title="ZipPushDeploy" date="2025-10-04T03:13:51.291" >
    <step title="ZipDeploy. Run from package. Ignore remote build." date="2025-10-04T03:13:51.306" /><!-- duration: 6ms -->
    <step title="None repository commit" date="2025-10-04T03:13:51.322" >
      <step title="Commit id: 9cc25601-e9b0-42f4-96ca-b9516afe425c" date="2025-10-04T03:13:51.328" Message="N/A" AuthorName="N/A" AuthorEmail="N/A" /><!-- duration: 6ms -->
    </step><!-- duration: 17ms -->
    <step title="Starting PushDeployAsync" date="2025-10-04T03:13:51.346" /><!-- duration: 7ms -->
    <step title="WEBSITE_RUN_FROM_PACKAGE is set to 1. Writing zip to SitePackagesPath" date="2025-10-04T03:13:51.368" /><!-- duration: 6ms -->
    <step title="Copying zip to SitePackages /home/data/SitePackages/20251004031351.zip from request body" date="2025-10-04T03:13:51.399" /><!-- duration: 12ms -->
    <step title="Writing multipart request body to /home/data/SitePackages/20251004031351.zip" date="2025-10-04T03:13:51.418" /><!-- duration: 7ms -->
    <step title="Start deployment in the background" date="2025-10-04T03:13:51.598" >
      <step title="Acquiring Deployment Lock" date="2025-10-04T03:13:51.690" /><!-- duration: 6ms -->
      <step title="Acquired Deployment Lock" date="2025-10-04T03:13:51.756" /><!-- duration: 19ms -->
    </step><!-- duration: 505ms -->
  </step><!-- duration: 898ms -->
  <step title="Outgoing response" date="2025-10-04T03:13:52.288" type="response" statusCode="202" statusText="Accepted" /><!-- duration: 58ms -->
</step><!-- duration: 1951ms -->
