<step title="Incoming Request" date="2025-10-05T18:20:36.856" instance="93ba60" url="/api/deployments/latest?deployer=OneDeploy&amp;time=2025-10-05_18-15-16Z" method="GET" type="request" pid="803,1,28" Host="cipfaro-formations.scm.azurewebsites.net" User-Agent="GITHUBACTIONS_DeployWebAppToAzure_55c9cfb4258ba8b70f1dc89468abbf68e94f2eb521b768f4823f3cce9cf4b357" Authorization="Bea..." Content-Type="application/json; charset=utf-8" Cookie="ARRAffinity=93ba60693efd27c98d25ac695a6ef440c44ba4652104de2a3ed78f5e62ba7f13;Path=/;HttpOnly;Secure;Domain=cipfaro-formations.scm.azurewebsites.net; ARRAffinitySameSite=93ba60693efd27c98d25ac695a6ef440c44ba4652104de2a3ed78f5e62ba7f13;Path=/;HttpOnly;SameSite=None;Secure;Domain=cipfaro-formations.scm.azurewebsites.net" Content-Length="0" X-ARR-LOG-ID="08fe8e08-20ce-4c9f-b704-5513ca56f01b" CLIENT-IP="172.184.173.242:37904" X-SITE-DEPLOYMENT-ID="cipfaro-formations" WAS-DEFAULT-HOSTNAME="cipfaro-formations.scm.azurewebsites.net" X-Forwarded-Proto="https" X-AppService-Proto="https" X-Forwarded-TlsVersion="1.3" X-WAWS-Unencoded-URL="/api/deployments/latest?deployer=OneDeploy&amp;time=2025-10-05_18-15-16Z" X-Client-IP="172.184.173.242" X-Client-Port="37904" >
  <step title="Cleanup Xml Logs" date="2025-10-05T18:20:36.875" >
    <step title="Cleanup Infos" date="2025-10-05T18:20:36.916" totalFiles="388" totalCleanup="228" /><!-- duration: 26ms -->
  </step><!-- duration: 84ms -->
  <step title="DeploymentService.GetResult" date="2025-10-05T18:20:36.985" >
    <step title="DeploymentService.GetLatestDeployment" date="2025-10-05T18:20:36.995" >
      <step title="DeploymentManager.GetResults" date="2025-10-05T18:20:37.010" /><!-- duration: 974ms -->
    </step><!-- duration: 1006ms -->
  </step><!-- duration: 1027ms -->
  <step title="Outgoing response" date="2025-10-05T18:20:38.026" type="response" statusCode="202" statusText="Accepted" /><!-- duration: 11ms -->
</step><!-- duration: 1197ms -->
