<step title="Incoming Request" date="2025-10-05T18:26:11.347" instance="93ba60" url="/api/deployments/latest?deployer=OneDeploy&amp;time=2025-10-05_18-22-28Z" method="GET" type="request" pid="803,1,54" Host="cipfaro-formations.scm.azurewebsites.net" User-Agent="GITHUBACTIONS_DeployWebAppToAzure_55c9cfb4258ba8b70f1dc89468abbf68e94f2eb521b768f4823f3cce9cf4b357" Authorization="Bea..." Content-Type="application/json; charset=utf-8" Cookie="ARRAffinity=93ba60693efd27c98d25ac695a6ef440c44ba4652104de2a3ed78f5e62ba7f13;Path=/;HttpOnly;Secure;Domain=cipfaro-formations.scm.azurewebsites.net; ARRAffinitySameSite=93ba60693efd27c98d25ac695a6ef440c44ba4652104de2a3ed78f5e62ba7f13;Path=/;HttpOnly;SameSite=None;Secure;Domain=cipfaro-formations.scm.azurewebsites.net" Content-Length="0" X-ARR-LOG-ID="6251085e-de4c-4928-a929-9a6f8050e38c" CLIENT-IP="20.42.42.213:51202" X-SITE-DEPLOYMENT-ID="cipfaro-formations" WAS-DEFAULT-HOSTNAME="cipfaro-formations.scm.azurewebsites.net" X-Forwarded-Proto="https" X-AppService-Proto="https" X-Forwarded-TlsVersion="1.3" X-WAWS-Unencoded-URL="/api/deployments/latest?deployer=OneDeploy&amp;time=2025-10-05_18-22-28Z" X-Client-IP="20.42.42.213" X-Client-Port="51202" >
  <step title="Cleanup Xml Logs" date="2025-10-05T18:26:11.358" >
    <step title="Cleanup Infos" date="2025-10-05T18:26:11.425" totalFiles="452" totalCleanup="292" /><!-- duration: 23ms -->
  </step><!-- duration: 101ms -->
  <step title="DeploymentService.GetResult" date="2025-10-05T18:26:11.499" >
    <step title="DeploymentService.GetLatestDeployment" date="2025-10-05T18:26:11.521" >
      <step title="DeploymentManager.GetResults" date="2025-10-05T18:26:11.536" /><!-- duration: 851ms -->
    </step><!-- duration: 895ms -->
  </step><!-- duration: 928ms -->
  <step title="Outgoing response" date="2025-10-05T18:26:12.438" type="response" statusCode="202" statusText="Accepted" /><!-- duration: 13ms -->
</step><!-- duration: 1114ms -->
