<step title="BackgroundTrace" date="2025-10-05T17:15:17.419" instance="93ba60" url="/api/publish" method="POST" >
  <step title="Cleanup Xml Logs" date="2025-10-05T17:15:17.437" >
    <step title="Cleanup Infos" date="2025-10-05T17:15:17.467" totalFiles="258" totalCleanup="98" /><!-- duration: 13ms -->
  </step><!-- duration: 53ms -->
  <step title="Creating temporary deployment - FetchDeploymentManager" date="2025-10-05T17:15:17.758" /><!-- duration: 10ms -->
  <step title="Creating temporary deployment" date="2025-10-05T17:15:17.804" /><!-- duration: 242ms -->
  <step title="Performing fetch based deployment" date="2025-10-05T17:15:18.181" >
    <step title="Cleaning up temp folders from previous zip deployments and extracting pushed zip file /tmp/zipdeploy/aacaa9af-4610-4926-9e18-7ff7f2944661.zip (75.96 MB) to /tmp/zipdeploy/extracted" date="2025-10-05T17:15:19.517" >
      <step title="ChmodRecursive Process exited with total time taken in ms: 622" date="2025-10-05T17:16:01.507" /><!-- duration: 14ms -->
    </step><!-- duration: 42027ms -->
    <step title="Deployment timer started" date="2025-10-05T17:16:03.622" >
      <step title="DeploymentManager.Deploy(id:a122ec9f-c5b5-47f0-82dd-f7959b568f1f)" date="2025-10-05T17:16:03.658" >
        <step title="Collecting changeset information" date="2025-10-05T17:16:03.776" /><!-- duration: 247ms -->
        <step title="Updating submodules" date="2025-10-05T17:16:04.066" /><!-- duration: 1302ms -->
        <step title="Determining deployment builder" date="2025-10-05T17:16:05.820" >
          <step title="Builder is OryxBuilder" date="2025-10-05T17:16:05.860" /><!-- duration: 9ms -->
        </step><!-- duration: 63ms -->
        <step title="PreDeployment: context.CleanOutputPath False" date="2025-10-05T17:16:05.997" >
          <step title="PreDeployment: context.OutputPath /home/site/wwwroot" date="2025-10-05T17:16:06.187" >
            <step title="Building" date="2025-10-05T17:16:06.416" >
              <step title="Executing external process" date="2025-10-05T17:16:06.918" type="process" path="bash" arguments="-c &quot;oryx build /tmp/zipdeploy/extracted -o /home/site/wwwroot --platform php --platform-version 8.0 -p virtualenv_name= --log-file /tmp/build-debug.log  -i /tmp/8de0432de610bd8 | tee /tmp/oryx-build.log ; exit $PIPESTATUS &quot;" >
                <step title="Cpu: rsync(1681,8.930s)+rsync(1680,1.920s)+rsync(1679,7.900s)+build.sh(1675,0.000s)+oryx(1649,9.840s)+tee(1650,0.000s)+bash(1648,0.000s)=total(28.580s)" date="2025-10-05T17:17:29.594" /><!-- duration: 31ms -->
                <step title="bash: no io activity for 60s, prev-cpu=-1.000s, current-cpu=28.580s" date="2025-10-05T17:17:29.702" /><!-- duration: 39ms -->
                <step title="Cpu: rsync(1970,0.210s)+rsync(1969,3.430s)+rsync(1968,1.360s)+build.sh(1675,0.180s)+oryx(1649,11.240s)+tee(1650,0.000s)+bash(1648,0.000s)=total(16.420s)" date="2025-10-05T17:20:33.457" /><!-- duration: 8ms -->
                <step title="bash: no io activity for 61s, prev-cpu=-1.000s, current-cpu=16.420s" date="2025-10-05T17:20:33.478" /><!-- duration: 25ms -->
                <step title="Cpu: rsync(1970,0.240s)+rsync(1969,7.540s)+rsync(1968,2.670s)+build.sh(1675,0.180s)+oryx(1649,11.900s)+tee(1650,0.000s)+bash(1648,0.000s)=total(22.530s)" date="2025-10-05T17:21:33.625" /><!-- duration: 26ms -->
                <step title="bash: no io activity for 121s, prev-cpu=16.420s, current-cpu=22.530s" date="2025-10-05T17:21:33.662" /><!-- duration: 23ms -->
                <step title="Cpu: rsync(1970,0.250s)+rsync(1969,10.760s)+rsync(1968,3.870s)+build.sh(1675,0.180s)+oryx(1649,12.080s)+tee(1650,0.000s)+bash(1648,0.000s)=total(27.140s)" date="2025-10-05T17:22:33.953" /><!-- duration: 65ms -->
                <step title="bash: no io activity for 181s, prev-cpu=22.530s, current-cpu=27.140s" date="2025-10-05T17:22:34.047" /><!-- duration: 27ms -->
                <step title="Cpu: rsync(1970,0.270s)+rsync(1969,14.840s)+rsync(1968,5.650s)+build.sh(1675,0.180s)+oryx(1649,12.240s)+tee(1650,0.000s)+bash(1648,0.000s)=total(33.180s)" date="2025-10-05T17:23:34.249" /><!-- duration: 17ms -->
                <step title="bash: no io activity for 242s, prev-cpu=27.140s, current-cpu=33.180s" date="2025-10-05T17:23:34.278" /><!-- duration: 36ms -->
              </step><!-- duration: 473336ms -->
              <step title="Using GenericDeploymentLogParser" date="2025-10-05T17:24:00.922" /><!-- duration: 10ms -->
              <step title="Modified file to trigger a restart of the app container." date="2025-10-05T17:24:03.176" /><!-- duration: 48ms -->
              <step title="Skip function trigger and logicapp sync because function is not enabled." date="2025-10-05T17:24:03.368" /><!-- duration: 16ms -->
            </step><!-- duration: 478450ms -->
          </step><!-- duration: 478735ms -->
          <step title="Cleaning up temp files" date="2025-10-05T17:24:04.928" /><!-- duration: 9064ms -->
          <step title="Cleaning up temp files" date="2025-10-05T17:24:14.001" /><!-- duration: 530ms -->
          <step title="Reloading status file with latest updates" date="2025-10-05T17:24:14.580" >
            <step title="WebHooksManager.PublishEventAsync: PostDeployment" date="2025-10-05T17:24:14.589" /><!-- duration: 148ms -->
          </step><!-- duration: 163ms -->
          <step title="Cleaning up temporary deployment - fetch deployment was successful" date="2025-10-05T17:24:14.760" /><!-- duration: 6ms -->
        </step><!-- duration: 488849ms -->
      </step><!-- duration: 491222ms -->
