<step title="Incoming Request" date="2025-10-05T15:48:47.714" instance="93ba60" url="/api/publish?async=true&amp;deployer=GITHUB_ONE_DEPLOY&amp;type=zip&amp;message=%7B%22type%22%3A%22deployment%22%2C%22sha%22%3A%22ee804bb6b1713eac60d6d8a0a26ccf8b7918cdd1%22%2C%22repoName%22%3A%22cipfarorudy%2Fcipfaro-site%22%2C%22actor%22%3A%22cipfarorudy%22%2C%22slotName%22%3A%22Production%22%2C%22commitMessage%22%3A%22%20GUIDES%20DEPLOIEMENT%20AZURE%20-%20Documentation%20compl%C3%A8te%20du%20d%C3%A9ploiement%20r%C3%A9ussi%20sur%20cipfaro-formations.azurewebsites.net%22%7D" method="POST" type="request" pid="803,1,7" Host="cipfaro-formations.scm.azurewebsites.net" User-Agent="GITHUBACTIONS_DeployWebAppToAzure_55c9cfb4258ba8b70f1dc89468abbf68e94f2eb521b768f4823f3cce9cf4b357" Authorization="Bea..." Content-Type="application/octet-stream" Cookie="ARRAffinity=93ba60693efd27c98d25ac695a6ef440c44ba4652104de2a3ed78f5e62ba7f13;Path=/;HttpOnly;Secure;Domain=cipfaro-formations.scm.azurewebsites.net; ARRAffinitySameSite=93ba60693efd27c98d25ac695a6ef440c44ba4652104de2a3ed78f5e62ba7f13;Path=/;HttpOnly;SameSite=None;Secure;Domain=cipfaro-formations.scm.azurewebsites.net" Transfer-Encoding="chunked" X-ARR-LOG-ID="3be9fdb0-e4ca-40f7-8991-72805ca30905" CLIENT-IP="52.159.246.5:42016" X-SITE-DEPLOYMENT-ID="cipfaro-formations" WAS-DEFAULT-HOSTNAME="cipfaro-formations.scm.azurewebsites.net" X-Forwarded-Proto="https" X-AppService-Proto="https" X-Forwarded-TlsVersion="1.3" X-WAWS-Unencoded-URL="/api/publish?async=true&amp;deployer=GITHUB_ONE_DEPLOY&amp;type=zip&amp;message=%7B%22type%22%3A%22deployment%22%2C%22sha%22%3A%22ee804bb6b1713eac60d6d8a0a26ccf8b7918cdd1%22%2C%22repoName%22%3A%22cipfarorudy%2Fcipfaro-site%22%2C%22actor%22%3A%22cipfarorudy%22%2C%22slotName%22%3A%22Production%22%2C%22commitMessage%22%3A%22%20GUIDES%20DEPLOIEMENT%20AZURE%20-%20Documentation%20compl%C3%A8te%20du%20d%C3%A9ploiement%20r%C3%A9ussi%20sur%20cipfaro-formations.azurewebsites.net%22%7D" X-Client-IP="52.159.246.5" X-Client-Port="42016" >
  <step title="Cleanup Xml Logs" date="2025-10-05T15:48:47.719" /><!-- duration: 16ms -->
  <step title="OneDeploy" date="2025-10-05T15:48:47.999" >
    <step title="None repository commit" date="2025-10-05T15:48:48.044" >
      <step title="Commit id: 5a9586f3-c4dd-428d-ae2a-dc9ecbfb727a" date="2025-10-05T15:48:48.063" Message="N/A" AuthorName="N/A" AuthorEmail="N/A" /><!-- duration: 11ms -->
    </step><!-- duration: 39ms -->
    <step title="Starting PushDeployAsync" date="2025-10-05T15:48:48.094" /><!-- duration: 7ms -->
    <step title="Removing node_modules symlink" date="2025-10-05T15:48:48.128" >
      <step title="Writing artifact to /tmp/zipdeploy/1b2e074e-6007-4ed4-8b27-72c1d91c2811.zip" date="2025-10-05T15:48:48.336" >
        <step title="Writing multipart request body to /tmp/zipdeploy/1b2e074e-6007-4ed4-8b27-72c1d91c2811.zip" date="2025-10-05T15:48:48.382" /><!-- duration: 26ms -->
      </step><!-- duration: 4678ms -->
      <step title="Removing previous build artifact&apos;s manifest file" date="2025-10-05T15:48:53.034" >
        <step title="Start deployment in the background" date="2025-10-05T15:48:53.088" >
          <step title="Acquiring Deployment Lock" date="2025-10-05T15:48:53.217" /><!-- duration: 24ms -->
          <step title="Acquired Deployment Lock" date="2025-10-05T15:48:53.338" /><!-- duration: 18ms -->
        </step><!-- duration: 424ms -->
      </step><!-- duration: 489ms -->
      <step title="Outgoing response" date="2025-10-05T15:48:53.536" type="response" statusCode="202" statusText="Accepted" /><!-- duration: 6ms -->
    </step><!-- duration: 5420ms -->
