﻿<?xml version="1.0" encoding="utf-8"?>
<deployment>
  <id>9cc25601-e9b0-42f4-96ca-b9516afe425c</id>
  <author>N/A</author>
  <deployer>Push-Deployer</deployer>
  <authorEmail>N/A</authorEmail>
  <message>Created via a push deployment</message>
  <progress></progress>
  <status>Success</status>
  <statusText></statusText>
  <lastSuccessEndTime>2025-10-04T03:14:00.5678241Z</lastSuccessEndTime>
  <receivedTime>2025-10-04T03:13:56.7046873Z</receivedTime>
  <startTime>2025-10-04T03:13:58.2128863Z</startTime>
  <endTime>2025-10-04T03:14:00.5678241Z</endTime>
  <complete>True</complete>
  <is_temp>False</is_temp>
  <is_readonly>True</is_readonly>
  <buildSummary />
</deployment>