<step title="Incoming Request" date="2025-10-05T18:11:10.293" instance="93ba60" url="/api/publish?type=zip" method="POST" type="request" pid="803,1,41" Accept="*/*" Host="cipfaro-formations.scm.azurewebsites.net" User-Agent="AZURECLI/2.77.0 (MSI)" Accept-Encoding="gzip, deflate" Authorization="Bas..." Cache-Control="no-cache" Content-Type="application/octet-stream" Cookie="ARRAffinity=93ba60693efd27c98d25ac695a6ef440c44ba4652104de2a3ed78f5e62ba7f13; ARRAffinitySameSite=93ba60693efd27c98d25ac695a6ef440c44ba4652104de2a3ed78f5e62ba7f13" Content-Length="1326291" x-ms-client-request-id="9e539789-a216-11f0-919d-a8a15940b63d" x-ms-artifact-checksum="fe521d1cc5bd253215a55259982094d448887bc9bb4241a8b5a897ecc410a88a" X-ARR-LOG-ID="9e539789-a216-11f0-919d-a8a15940b63d" CLIENT-IP="90.36.46.238:50898" X-SITE-DEPLOYMENT-ID="cipfaro-formations" WAS-DEFAULT-HOSTNAME="cipfaro-formations.scm.azurewebsites.net" X-Forwarded-Proto="https" X-AppService-Proto="https" X-Forwarded-TlsVersion="1.3" X-WAWS-Unencoded-URL="/api/publish?type=zip" X-Client-IP="90.36.46.238" X-Client-Port="50898" >
  <step title="Cleanup Xml Logs" date="2025-10-05T18:11:10.319" >
    <step title="Cleanup Infos" date="2025-10-05T18:11:10.404" totalFiles="340" totalCleanup="180" /><!-- duration: 58ms -->
  </step><!-- duration: 169ms -->
  <step title="OneDeploy" date="2025-10-05T18:11:10.899" >
    <step title="Starting PushDeployAsync" date="2025-10-05T18:11:11.080" /><!-- duration: 27ms -->
    <step title="Writing artifact to /tmp/zipdeploy/8d54643e-5545-473e-af5a-4653ba55a440.zip" date="2025-10-05T18:11:11.138" >
      <step title="Writing multipart request body to /tmp/zipdeploy/8d54643e-5545-473e-af5a-4653ba55a440.zip" date="2025-10-05T18:11:11.149" /><!-- duration: 10ms -->
    </step><!-- duration: 283ms -->
    <step title="Attempting to fetch target branch HEAD" date="2025-10-05T18:11:11.441" /><!-- duration: 9ms -->
    <step title="Acquiring Deployment Lock" date="2025-10-05T18:11:11.474" /><!-- duration: 5ms -->
    <step title="Acquired Deployment Lock" date="2025-10-05T18:11:11.552" /><!-- duration: 6ms -->
    <step title="Performing fetch based deployment" date="2025-10-05T18:11:11.574" >
      <step title="Creating temporary deployment" date="2025-10-05T18:11:11.589" /><!-- duration: 175ms -->
      <step title="Releasing Deployment Lock" date="2025-10-05T18:11:13.075" /><!-- duration: 13ms -->
      <step title="Cleaning up temp folders from previous zip deployments and extracting pushed zip file /tmp/zipdeploy/8d54643e-5545-473e-af5a-4653ba55a440.zip (1.26 MB) to /tmp/zipdeploy/extracted" date="2025-10-05T18:11:13.171" >
        <step title="ChmodRecursive Process exited with total time taken in ms: 182" date="2025-10-05T18:11:13.620" /><!-- duration: 11ms -->
      </step><!-- duration: 474ms -->
      <step title="None repository commit" date="2025-10-05T18:11:13.691" >
        <step title="Commit id: e6cedb72-4e0f-4ca1-86d9-3fa155e47cea" date="2025-10-05T18:11:13.713" Message="OneDeploy" AuthorName="N/A" AuthorEmail="N/A" /><!-- duration: 22ms -->
      </step><!-- duration: 52ms -->
      <step title="Deployment timer started" date="2025-10-05T18:11:15.813" >
        <step title="DeploymentManager.Deploy(id:e6cedb72-4e0f-4ca1-86d9-3fa155e47cea)" date="2025-10-05T18:11:15.825" >
          <step title="Collecting changeset information" date="2025-10-05T18:11:15.868" /><!-- duration: 135ms -->
          <step title="Updating submodules" date="2025-10-05T18:11:16.018" /><!-- duration: 1343ms -->
          <step title="Determining deployment builder" date="2025-10-05T18:11:20.273" >
            <step title="Builder is OryxBuilder" date="2025-10-05T18:11:20.291" /><!-- duration: 8ms -->
          </step><!-- duration: 36ms -->
          <step title="PreDeployment: context.CleanOutputPath False" date="2025-10-05T18:11:20.397" >
            <step title="PreDeployment: context.OutputPath /home/site/wwwroot" date="2025-10-05T18:11:20.565" >
              <step title="Building" date="2025-10-05T18:11:20.768" >
                <step title="Executing external process" date="2025-10-05T18:11:21.410" type="process" path="bash" arguments="-c &quot;oryx build /tmp/zipdeploy/extracted -o /home/site/wwwroot --platform php --platform-version 8.0 -p virtualenv_name= --log-file /tmp/build-debug.log  -i /tmp/8de043a95eea406 | tee /tmp/oryx-build.log ; exit $PIPESTATUS &quot;" >
                  <step title="Process dump" date="2025-10-05T18:11:29.496" exitCode="3" type="processOutput" /><!-- duration: 8ms -->
                </step><!-- duration: 8104ms -->
                <step title="Error occurred" date="2025-10-05T18:11:29.615" type="error" text="Error: Platform &apos;nodejs&apos; version &apos;&gt;=20.0.0&apos; is unsupported. Supported versions: 10.23.0, 10.24.1, 12.19.0, 12.20.0, 12.21.0, 12.22.0, 12.22.11, 12.22.12, 12.22.4, 12.22.6, 12.22.9, 14.15.0, 14.15.1, 14.16.0, 14.17.0, 14.17.4, 14.17.6, 14.18.3, 14.19.1, 14.20.1, 14.21.2, 14.21.3, 15.0.0, 15.0.1, 15.1.0, 15.2.0, 15.2.1, 15.3.0, 16.13.1, 16.13.2, 16.14.0, 16.14.2, 16.18.0, 16.19.0, 16.20.0, 16.20.1, 16.20.2, 16.5.0, 16.6.1, 16.8.0, 17.0.1, 17.1.0, 17.2.0, 17.3.1, 17.4.0, 17.5.0, 17.6.0, 10.23.0, 10.24.1, 12.19.0, 12.20.0, 12.21.0, 12.22.0, 12.22.11, 12.22.12, 12.22.4, 12.22.6, 12.22.9, 14.15.0, 14.15.1, 14.16.0, 14.17.0, 14.17.4, 14.17.6, 14.18.3, 14.19.1, 14.20.1, 14.21.2, 14.21.3, 15.0.0, 15.0.1, 15.1.0, 15.2.0, 15.2.1, 15.3.0, 16.13.1, 16.13.2, 16.14.0, 16.14.2, 16.18.0, 16.19.0, 16.20.0, 16.20.1, 16.20.2, 16.5.0, 16.6.1, 16.8.0, 17.0.1, 17.1.0, 17.2.0, 17.3.1, 17.4.0, 17.5.0, 17.6.0
/bin/bash -c &quot;oryx build /tmp/zipdeploy/extracted -o /home/site/wwwroot --platform php --platform-version 8.0 -p virtualenv_name= --log-file /tmp/build-debug.log  -i /tmp/8de043a95eea406 | tee /tmp/oryx-build.log ; exit $PIPESTATUS &quot;" stackTrace="   at Kudu.Core.Infrastructure.Executable.ExecuteInternal(ITracer tracer, Func`2 onWriteOutput, Func`2 onWriteError, CancellationToken token, Encoding encoding, String arguments, Object[] args) in /tmp/KuduLite/Kudu.Core/Infrastructure/Executable.cs:line 239
   at Kudu.Core.Infrastructure.Executable.ExecuteWithProgressWriter(ILogger logger, ITracer tracer, CancellationToken token, String arguments, Object[] args) in /tmp/KuduLite/Kudu.Core/Infrastructure/Executable.cs:line 118
   at Kudu.Core.Deployment.Generator.ExternalCommandBuilder.RunCommand(DeploymentContext context, String command, Boolean ignoreManifest, CancellationToken token, String message) in /tmp/KuduLite/Kudu.Core/Deployment/Generator/ExternalCommandBuilder.cs:line 122" /><!-- duration: 32ms -->
                <step title="Error occurred" date="2025-10-05T18:11:29.865" type="error" text="Error: Platform &apos;nodejs&apos; version &apos;&gt;=20.0.0&apos; is unsupported. Supported versions: 10.23.0, 10.24.1, 12.19.0, 12.20.0, 12.21.0, 12.22.0, 12.22.11, 12.22.12, 12.22.4, 12.22.6, 12.22.9, 14.15.0, 14.15.1, 14.16.0, 14.17.0, 14.17.4, 14.17.6, 14.18.3, 14.19.1, 14.20.1, 14.21.2, 14.21.3, 15.0.0, 15.0.1, 15.1.0, 15.2.0, 15.2.1, 15.3.0, 16.13.1, 16.13.2, 16.14.0, 16.14.2, 16.18.0, 16.19.0, 16.20.0, 16.20.1, 16.20.2, 16.5.0, 16.6.1, 16.8.0, 17.0.1, 17.1.0, 17.2.0, 17.3.1, 17.4.0, 17.5.0, 17.6.0, 10.23.0, 10.24.1, 12.19.0, 12.20.0, 12.21.0, 12.22.0, 12.22.11, 12.22.12, 12.22.4, 12.22.6, 12.22.9, 14.15.0, 14.15.1, 14.16.0, 14.17.0, 14.17.4, 14.17.6, 14.18.3, 14.19.1, 14.20.1, 14.21.2, 14.21.3, 15.0.0, 15.0.1, 15.1.0, 15.2.0, 15.2.1, 15.3.0, 16.13.1, 16.13.2, 16.14.0, 16.14.2, 16.18.0, 16.19.0, 16.20.0, 16.20.1, 16.20.2, 16.5.0, 16.6.1, 16.8.0, 17.0.1, 17.1.0, 17.2.0, 17.3.1, 17.4.0, 17.5.0, 17.6.0
/bin/bash -c &quot;oryx build /tmp/zipdeploy/extracted -o /home/site/wwwroot --platform php --platform-version 8.0 -p virtualenv_name= --log-file /tmp/build-debug.log  -i /tmp/8de043a95eea406 | tee /tmp/oryx-build.log ; exit $PIPESTATUS &quot;" stackTrace="   at Kudu.Core.Infrastructure.Executable.ExecuteInternal(ITracer tracer, Func`2 onWriteOutput, Func`2 onWriteError, CancellationToken token, Encoding encoding, String arguments, Object[] args) in /tmp/KuduLite/Kudu.Core/Infrastructure/Executable.cs:line 239
   at Kudu.Core.Infrastructure.Executable.ExecuteWithProgressWriter(ILogger logger, ITracer tracer, CancellationToken token, String arguments, Object[] args) in /tmp/KuduLite/Kudu.Core/Infrastructure/Executable.cs:line 118
   at Kudu.Core.Deployment.Generator.ExternalCommandBuilder.RunCommand(DeploymentContext context, String command, Boolean ignoreManifest, CancellationToken token, String message) in /tmp/KuduLite/Kudu.Core/Deployment/Generator/ExternalCommandBuilder.cs:line 122
   at Kudu.Core.Deployment.Generator.OryxBuilder.RunBuildCommand(IOryxArguments args, DeploymentContext context, CancellationToken token) in /tmp/KuduLite/Kudu.Core/Deployment/Generator/OryxBuilder.cs:line 295
   at Kudu.Core.Deployment.Generator.OryxBuilder.Build(DeploymentContext context, CancellationToken token) in /tmp/KuduLite/Kudu.Core/Deployment/Generator/OryxBuilder.cs:line 136
   at Kudu.Core.Deployment.DeploymentManager.Build(ChangeSet changeSet, ITracer tracer, IDisposable deployStep, IRepository repository, DeploymentInfoBase deploymentInfo, DeploymentAnalytics deploymentAnalytics, Boolean fullBuildByDefault, CancellationToken cancellationToken) in /tmp/KuduLite/Kudu.Core/Deployment/DeploymentManager.cs:line 771" /><!-- duration: 52ms -->
                <step title="Using GenericDeploymentLogParser" date="2025-10-05T18:11:30.424" /><!-- duration: 9ms -->
                <step title="Purge deployment items" date="2025-10-05T18:11:32.766" >
                  <step title="Remove 86a04550-, Failed, received at 10/05/2025 18:01:20" date="2025-10-05T18:11:32.853" /><!-- duration: 6ms -->
                </step><!-- duration: 98ms -->
              </step><!-- duration: 12104ms -->
            </step><!-- duration: 12315ms -->
            <step title="Error occurred" date="2025-10-05T18:11:32.886" type="error" text="Error: Platform &apos;nodejs&apos; version &apos;&gt;=20.0.0&apos; is unsupported. Supported versions: 10.23.0, 10.24.1, 12.19.0, 12.20.0, 12.21.0, 12.22.0, 12.22.11, 12.22.12, 12.22.4, 12.22.6, 12.22.9, 14.15.0, 14.15.1, 14.16.0, 14.17.0, 14.17.4, 14.17.6, 14.18.3, 14.19.1, 14.20.1, 14.21.2, 14.21.3, 15.0.0, 15.0.1, 15.1.0, 15.2.0, 15.2.1, 15.3.0, 16.13.1, 16.13.2, 16.14.0, 16.14.2, 16.18.0, 16.19.0, 16.20.0, 16.20.1, 16.20.2, 16.5.0, 16.6.1, 16.8.0, 17.0.1, 17.1.0, 17.2.0, 17.3.1, 17.4.0, 17.5.0, 17.6.0, 10.23.0, 10.24.1, 12.19.0, 12.20.0, 12.21.0, 12.22.0, 12.22.11, 12.22.12, 12.22.4, 12.22.6, 12.22.9, 14.15.0, 14.15.1, 14.16.0, 14.17.0, 14.17.4, 14.17.6, 14.18.3, 14.19.1, 14.20.1, 14.21.2, 14.21.3, 15.0.0, 15.0.1, 15.1.0, 15.2.0, 15.2.1, 15.3.0, 16.13.1, 16.13.2, 16.14.0, 16.14.2, 16.18.0, 16.19.0, 16.20.0, 16.20.1, 16.20.2, 16.5.0, 16.6.1, 16.8.0, 17.0.1, 17.1.0, 17.2.0, 17.3.1, 17.4.0, 17.5.0, 17.6.0
/bin/bash -c &quot;oryx build /tmp/zipdeploy/extracted -o /home/site/wwwroot --platform php --platform-version 8.0 -p virtualenv_name= --log-file /tmp/build-debug.log  -i /tmp/8de043a95eea406 | tee /tmp/oryx-build.log ; exit $PIPESTATUS &quot;" stackTrace="   at Kudu.Core.Infrastructure.Executable.ExecuteInternal(ITracer tracer, Func`2 onWriteOutput, Func`2 onWriteError, CancellationToken token, Encoding encoding, String arguments, Object[] args) in /tmp/KuduLite/Kudu.Core/Infrastructure/Executable.cs:line 239
   at Kudu.Core.Infrastructure.Executable.ExecuteWithProgressWriter(ILogger logger, ITracer tracer, CancellationToken token, String arguments, Object[] args) in /tmp/KuduLite/Kudu.Core/Infrastructure/Executable.cs:line 118
   at Kudu.Core.Deployment.Generator.ExternalCommandBuilder.RunCommand(DeploymentContext context, String command, Boolean ignoreManifest, CancellationToken token, String message) in /tmp/KuduLite/Kudu.Core/Deployment/Generator/ExternalCommandBuilder.cs:line 122
   at Kudu.Core.Deployment.Generator.OryxBuilder.RunBuildCommand(IOryxArguments args, DeploymentContext context, CancellationToken token) in /tmp/KuduLite/Kudu.Core/Deployment/Generator/OryxBuilder.cs:line 295
   at Kudu.Core.Deployment.Generator.OryxBuilder.Build(DeploymentContext context, CancellationToken token) in /tmp/KuduLite/Kudu.Core/Deployment/Generator/OryxBuilder.cs:line 136
   at Kudu.Core.Deployment.DeploymentManager.Build(ChangeSet changeSet, ITracer tracer, IDisposable deployStep, IRepository repository, DeploymentInfoBase deploymentInfo, DeploymentAnalytics deploymentAnalytics, Boolean fullBuildByDefault, CancellationToken cancellationToken) in /tmp/KuduLite/Kudu.Core/Deployment/DeploymentManager.cs:line 771
   at Kudu.Core.Deployment.DeploymentManager.Build(ChangeSet changeSet, ITracer tracer, IDisposable deployStep, IRepository repository, DeploymentInfoBase deploymentInfo, DeploymentAnalytics deploymentAnalytics, Boolean fullBuildByDefault, CancellationToken cancellationToken) in /tmp/KuduLite/Kudu.Core/Deployment/DeploymentManager.cs:line 840" /><!-- duration: 7ms -->
            <step title="Cleaning up temp files" date="2025-10-05T18:11:33.044" /><!-- duration: 9ms -->
            <step title="Cleaning up temp files" date="2025-10-05T18:11:33.064" /><!-- duration: 518ms -->
            <step title="Error occurred" date="2025-10-05T18:11:33.642" type="error" text="Error: Platform &apos;nodejs&apos; version &apos;&gt;=20.0.0&apos; is unsupported. Supported versions: 10.23.0, 10.24.1, 12.19.0, 12.20.0, 12.21.0, 12.22.0, 12.22.11, 12.22.12, 12.22.4, 12.22.6, 12.22.9, 14.15.0, 14.15.1, 14.16.0, 14.17.0, 14.17.4, 14.17.6, 14.18.3, 14.19.1, 14.20.1, 14.21.2, 14.21.3, 15.0.0, 15.0.1, 15.1.0, 15.2.0, 15.2.1, 15.3.0, 16.13.1, 16.13.2, 16.14.0, 16.14.2, 16.18.0, 16.19.0, 16.20.0, 16.20.1, 16.20.2, 16.5.0, 16.6.1, 16.8.0, 17.0.1, 17.1.0, 17.2.0, 17.3.1, 17.4.0, 17.5.0, 17.6.0, 10.23.0, 10.24.1, 12.19.0, 12.20.0, 12.21.0, 12.22.0, 12.22.11, 12.22.12, 12.22.4, 12.22.6, 12.22.9, 14.15.0, 14.15.1, 14.16.0, 14.17.0, 14.17.4, 14.17.6, 14.18.3, 14.19.1, 14.20.1, 14.21.2, 14.21.3, 15.0.0, 15.0.1, 15.1.0, 15.2.0, 15.2.1, 15.3.0, 16.13.1, 16.13.2, 16.14.0, 16.14.2, 16.18.0, 16.19.0, 16.20.0, 16.20.1, 16.20.2, 16.5.0, 16.6.1, 16.8.0, 17.0.1, 17.1.0, 17.2.0, 17.3.1, 17.4.0, 17.5.0, 17.6.0
/bin/bash -c &quot;oryx build /tmp/zipdeploy/extracted -o /home/site/wwwroot --platform php --platform-version 8.0 -p virtualenv_name= --log-file /tmp/build-debug.log  -i /tmp/8de043a95eea406 | tee /tmp/oryx-build.log ; exit $PIPESTATUS &quot;" stackTrace="   at Kudu.Core.Infrastructure.Executable.ExecuteInternal(ITracer tracer, Func`2 onWriteOutput, Func`2 onWriteError, CancellationToken token, Encoding encoding, String arguments, Object[] args) in /tmp/KuduLite/Kudu.Core/Infrastructure/Executable.cs:line 239
   at Kudu.Core.Infrastructure.Executable.ExecuteWithProgressWriter(ILogger logger, ITracer tracer, CancellationToken token, String arguments, Object[] args) in /tmp/KuduLite/Kudu.Core/Infrastructure/Executable.cs:line 118
   at Kudu.Core.Deployment.Generator.ExternalCommandBuilder.RunCommand(DeploymentContext context, String command, Boolean ignoreManifest, CancellationToken token, String message) in /tmp/KuduLite/Kudu.Core/Deployment/Generator/ExternalCommandBuilder.cs:line 122
   at Kudu.Core.Deployment.Generator.OryxBuilder.RunBuildCommand(IOryxArguments args, DeploymentContext context, CancellationToken token) in /tmp/KuduLite/Kudu.Core/Deployment/Generator/OryxBuilder.cs:line 295
   at Kudu.Core.Deployment.Generator.OryxBuilder.Build(DeploymentContext context, CancellationToken token) in /tmp/KuduLite/Kudu.Core/Deployment/Generator/OryxBuilder.cs:line 136
   at Kudu.Core.Deployment.DeploymentManager.Build(ChangeSet changeSet, ITracer tracer, IDisposable deployStep, IRepository repository, DeploymentInfoBase deploymentInfo, DeploymentAnalytics deploymentAnalytics, Boolean fullBuildByDefault, CancellationToken cancellationToken) in /tmp/KuduLite/Kudu.Core/Deployment/DeploymentManager.cs:line 771
   at Kudu.Core.Deployment.DeploymentManager.Build(ChangeSet changeSet, ITracer tracer, IDisposable deployStep, IRepository repository, DeploymentInfoBase deploymentInfo, DeploymentAnalytics deploymentAnalytics, Boolean fullBuildByDefault, CancellationToken cancellationToken) in /tmp/KuduLite/Kudu.Core/Deployment/DeploymentManager.cs:line 840
   at Kudu.Core.Deployment.DeploymentManager.DeployAsync(IRepository repository, ChangeSet changeSet, String deployer, Boolean clean, DeploymentInfoBase deploymentInfo, Boolean needFileUpdate, Boolean fullBuildByDefault) in /tmp/KuduLite/Kudu.Core/Deployment/DeploymentManager.cs:line 266" /><!-- duration: 9ms -->
          </step><!-- duration: 13266ms -->
          <step title="Reloading status file with latest updates" date="2025-10-05T18:11:33.740" >
            <step title="WebHooksManager.PublishEventAsync: PostDeployment" date="2025-10-05T18:11:33.759" /><!-- duration: 125ms -->
          </step><!-- duration: 155ms -->
          <step title="Error occurred" date="2025-10-05T18:11:33.903" type="error" text="Error: Platform &apos;nodejs&apos; version &apos;&gt;=20.0.0&apos; is unsupported. Supported versions: 10.23.0, 10.24.1, 12.19.0, 12.20.0, 12.21.0, 12.22.0, 12.22.11, 12.22.12, 12.22.4, 12.22.6, 12.22.9, 14.15.0, 14.15.1, 14.16.0, 14.17.0, 14.17.4, 14.17.6, 14.18.3, 14.19.1, 14.20.1, 14.21.2, 14.21.3, 15.0.0, 15.0.1, 15.1.0, 15.2.0, 15.2.1, 15.3.0, 16.13.1, 16.13.2, 16.14.0, 16.14.2, 16.18.0, 16.19.0, 16.20.0, 16.20.1, 16.20.2, 16.5.0, 16.6.1, 16.8.0, 17.0.1, 17.1.0, 17.2.0, 17.3.1, 17.4.0, 17.5.0, 17.6.0, 10.23.0, 10.24.1, 12.19.0, 12.20.0, 12.21.0, 12.22.0, 12.22.11, 12.22.12, 12.22.4, 12.22.6, 12.22.9, 14.15.0, 14.15.1, 14.16.0, 14.17.0, 14.17.4, 14.17.6, 14.18.3, 14.19.1, 14.20.1, 14.21.2, 14.21.3, 15.0.0, 15.0.1, 15.1.0, 15.2.0, 15.2.1, 15.3.0, 16.13.1, 16.13.2, 16.14.0, 16.14.2, 16.18.0, 16.19.0, 16.20.0, 16.20.1, 16.20.2, 16.5.0, 16.6.1, 16.8.0, 17.0.1, 17.1.0, 17.2.0, 17.3.1, 17.4.0, 17.5.0, 17.6.0
/bin/bash -c &quot;oryx build /tmp/zipdeploy/extracted -o /home/site/wwwroot --platform php --platform-version 8.0 -p virtualenv_name= --log-file /tmp/build-debug.log  -i /tmp/8de043a95eea406 | tee /tmp/oryx-build.log ; exit $PIPESTATUS &quot;" stackTrace="   at Kudu.Core.Infrastructure.Executable.ExecuteInternal(ITracer tracer, Func`2 onWriteOutput, Func`2 onWriteError, CancellationToken token, Encoding encoding, String arguments, Object[] args) in /tmp/KuduLite/Kudu.Core/Infrastructure/Executable.cs:line 239
   at Kudu.Core.Infrastructure.Executable.ExecuteWithProgressWriter(ILogger logger, ITracer tracer, CancellationToken token, String arguments, Object[] args) in /tmp/KuduLite/Kudu.Core/Infrastructure/Executable.cs:line 118
   at Kudu.Core.Deployment.Generator.ExternalCommandBuilder.RunCommand(DeploymentContext context, String command, Boolean ignoreManifest, CancellationToken token, String message) in /tmp/KuduLite/Kudu.Core/Deployment/Generator/ExternalCommandBuilder.cs:line 122
   at Kudu.Core.Deployment.Generator.OryxBuilder.RunBuildCommand(IOryxArguments args, DeploymentContext context, CancellationToken token) in /tmp/KuduLite/Kudu.Core/Deployment/Generator/OryxBuilder.cs:line 295
   at Kudu.Core.Deployment.Generator.OryxBuilder.Build(DeploymentContext context, CancellationToken token) in /tmp/KuduLite/Kudu.Core/Deployment/Generator/OryxBuilder.cs:line 136
   at Kudu.Core.Deployment.DeploymentManager.Build(ChangeSet changeSet, ITracer tracer, IDisposable deployStep, IRepository repository, DeploymentInfoBase deploymentInfo, DeploymentAnalytics deploymentAnalytics, Boolean fullBuildByDefault, CancellationToken cancellationToken) in /tmp/KuduLite/Kudu.Core/Deployment/DeploymentManager.cs:line 771
   at Kudu.Core.Deployment.DeploymentManager.Build(ChangeSet changeSet, ITracer tracer, IDisposable deployStep, IRepository repository, DeploymentInfoBase deploymentInfo, DeploymentAnalytics deploymentAnalytics, Boolean fullBuildByDefault, CancellationToken cancellationToken) in /tmp/KuduLite/Kudu.Core/Deployment/DeploymentManager.cs:line 840
   at Kudu.Core.Deployment.DeploymentManager.DeployAsync(IRepository repository, ChangeSet changeSet, String deployer, Boolean clean, DeploymentInfoBase deploymentInfo, Boolean needFileUpdate, Boolean fullBuildByDefault) in /tmp/KuduLite/Kudu.Core/Deployment/DeploymentManager.cs:line 266" /><!-- duration: 14ms -->
          <step title="Marking deployment as failed and cleaning up the temp deployment" date="2025-10-05T18:11:34.036" /><!-- duration: 17ms -->
        </step><!-- duration: 18398ms -->
      </step><!-- duration: 18418ms -->
      <step title="Error occurred" date="2025-10-05T18:11:34.298" type="error" text="Deployment failed" stackTrace="   at Kudu.Core.Deployment.DeploymentManager.DeployAsync(IRepository repository, ChangeSet changeSet, String deployer, Boolean clean, DeploymentInfoBase deploymentInfo, Boolean needFileUpdate, Boolean fullBuildByDefault) in /tmp/KuduLite/Kudu.Core/Deployment/DeploymentManager.cs:line 307
   at Kudu.Core.Deployment.FetchDeploymentManager.PerformDeployment(DeploymentInfoBase deploymentInfo, IDisposable tempDeployment, ChangeSet tempChangeSet, DeployStatusApiResult updateStatusObj) in /tmp/KuduLite/Kudu.Core/Deployment/FetchDeploymentManager.cs:line 230
   at Kudu.Core.Deployment.FetchDeploymentManager.&lt;&gt;c__DisplayClass17_0.&lt;&lt;FetchDeploy&gt;b__0&gt;d.MoveNext() in /tmp/KuduLite/Kudu.Core/Deployment/FetchDeploymentManager.cs:line 131
--- End of stack trace from previous location ---
   at Kudu.Core.Deployment.FetchDeploymentManager.FetchDeploy(DeploymentInfoBase deployInfo, Boolean asyncRequested, Uri requestUri, String targetBranch) in /tmp/KuduLite/Kudu.Core/Deployment/FetchDeploymentManager.cs:line 124
   at Kudu.Services.Deployment.PushDeploymentController.PushDeployAsync(ArtifactDeploymentInfo deploymentInfo, Boolean isAsync, HttpContext context, JObject requestJson) in /tmp/KuduLite/Kudu.Services/Deployment/PushDeploymentController.cs:line 791
   at Kudu.Services.Deployment.PushDeploymentController.OneDeploy(String type, Boolean async, String path, Nullable`1 restart, Nullable`1 clean, Boolean ignoreStack, Boolean trackDeploymentProgress, Boolean trackStatus, Boolean reset) in /tmp/KuduLite/Kudu.Services/Deployment/PushDeploymentController.cs:line 624
   at Microsoft.AspNetCore.Mvc.Infrastructure.ActionMethodExecutor.TaskOfIActionResultExecutor.Execute(ActionContext actionContext, IActionResultTypeMapper mapper, ObjectMethodExecutor executor, Object controller, Object[] arguments)
   at Microsoft.AspNetCore.Mvc.Infrastructure.ControllerActionInvoker.&lt;InvokeActionMethodAsync&gt;g__Awaited|12_0(ControllerActionInvoker invoker, ValueTask`1 actionResultValueTask)
   at Microsoft.AspNetCore.Mvc.Infrastructure.ControllerActionInvoker.&lt;InvokeNextActionFilterAsync&gt;g__Awaited|10_0(ControllerActionInvoker invoker, Task lastTask, State next, Scope scope, Object state, Boolean isCompleted)
   at Microsoft.AspNetCore.Mvc.Infrastructure.ControllerActionInvoker.Rethrow(ActionExecutedContextSealed context)
   at Microsoft.AspNetCore.Mvc.Infrastructure.ControllerActionInvoker.Next(State&amp; next, Scope&amp; scope, Object&amp; state, Boolean&amp; isCompleted)
   at Microsoft.AspNetCore.Mvc.Infrastructure.ControllerActionInvoker.&lt;InvokeInnerFilterAsync&gt;g__Awaited|13_0(ControllerActionInvoker invoker, Task lastTask, State next, Scope scope, Object state, Boolean isCompleted)
   at Microsoft.AspNetCore.Mvc.Infrastructure.ResourceInvoker.&lt;InvokeNextResourceFilter&gt;g__Awaited|25_0(ResourceInvoker invoker, Task lastTask, State next, Scope scope, Object state, Boolean isCompleted)
   at Microsoft.AspNetCore.Mvc.Infrastructure.ResourceInvoker.Rethrow(ResourceExecutedContextSealed context)
   at Microsoft.AspNetCore.Mvc.Infrastructure.ResourceInvoker.Next(State&amp; next, Scope&amp; scope, Object&amp; state, Boolean&amp; isCompleted)
   at Microsoft.AspNetCore.Mvc.Infrastructure.ResourceInvoker.&lt;InvokeFilterPipelineAsync&gt;g__Awaited|20_0(ResourceInvoker invoker, Task lastTask, State next, Scope scope, Object state, Boolean isCompleted)
   at Microsoft.AspNetCore.Mvc.Infrastructure.ResourceInvoker.&lt;InvokeAsync&gt;g__Awaited|17_0(ResourceInvoker invoker, Task task, IDisposable scope)
   at Microsoft.AspNetCore.Mvc.Infrastructure.ResourceInvoker.&lt;InvokeAsync&gt;g__Awaited|17_0(ResourceInvoker invoker, Task task, IDisposable scope)
   at Microsoft.AspNetCore.Builder.RouterMiddleware.Invoke(HttpContext httpContext)
   at Kudu.Services.Web.Tracing.TraceMiddleware.Invoke(HttpContext context) in /tmp/KuduLite/Kudu.Services.Web/Tracing/TraceMiddleware.cs:line 101" innerText="Error: Platform &apos;nodejs&apos; version &apos;&gt;=20.0.0&apos; is unsupported. Supported versions: 10.23.0, 10.24.1, 12.19.0, 12.20.0, 12.21.0, 12.22.0, 12.22.11, 12.22.12, 12.22.4, 12.22.6, 12.22.9, 14.15.0, 14.15.1, 14.16.0, 14.17.0, 14.17.4, 14.17.6, 14.18.3, 14.19.1, 14.20.1, 14.21.2, 14.21.3, 15.0.0, 15.0.1, 15.1.0, 15.2.0, 15.2.1, 15.3.0, 16.13.1, 16.13.2, 16.14.0, 16.14.2, 16.18.0, 16.19.0, 16.20.0, 16.20.1, 16.20.2, 16.5.0, 16.6.1, 16.8.0, 17.0.1, 17.1.0, 17.2.0, 17.3.1, 17.4.0, 17.5.0, 17.6.0, 10.23.0, 10.24.1, 12.19.0, 12.20.0, 12.21.0, 12.22.0, 12.22.11, 12.22.12, 12.22.4, 12.22.6, 12.22.9, 14.15.0, 14.15.1, 14.16.0, 14.17.0, 14.17.4, 14.17.6, 14.18.3, 14.19.1, 14.20.1, 14.21.2, 14.21.3, 15.0.0, 15.0.1, 15.1.0, 15.2.0, 15.2.1, 15.3.0, 16.13.1, 16.13.2, 16.14.0, 16.14.2, 16.18.0, 16.19.0, 16.20.0, 16.20.1, 16.20.2, 16.5.0, 16.6.1, 16.8.0, 17.0.1, 17.1.0, 17.2.0, 17.3.1, 17.4.0, 17.5.0, 17.6.0
/bin/bash -c &quot;oryx build /tmp/zipdeploy/extracted -o /home/site/wwwroot --platform php --platform-version 8.0 -p virtualenv_name= --log-file /tmp/build-debug.log  -i /tmp/8de043a95eea406 | tee /tmp/oryx-build.log ; exit $PIPESTATUS &quot;" innerStackTrace="   at Kudu.Core.Infrastructure.Executable.ExecuteInternal(ITracer tracer, Func`2 onWriteOutput, Func`2 onWriteError, CancellationToken token, Encoding encoding, String arguments, Object[] args) in /tmp/KuduLite/Kudu.Core/Infrastructure/Executable.cs:line 239
   at Kudu.Core.Infrastructure.Executable.ExecuteWithProgressWriter(ILogger logger, ITracer tracer, CancellationToken token, String arguments, Object[] args) in /tmp/KuduLite/Kudu.Core/Infrastructure/Executable.cs:line 118
   at Kudu.Core.Deployment.Generator.ExternalCommandBuilder.RunCommand(DeploymentContext context, String command, Boolean ignoreManifest, CancellationToken token, String message) in /tmp/KuduLite/Kudu.Core/Deployment/Generator/ExternalCommandBuilder.cs:line 122
   at Kudu.Core.Deployment.Generator.OryxBuilder.RunBuildCommand(IOryxArguments args, DeploymentContext context, CancellationToken token) in /tmp/KuduLite/Kudu.Core/Deployment/Generator/OryxBuilder.cs:line 295
   at Kudu.Core.Deployment.Generator.OryxBuilder.Build(DeploymentContext context, CancellationToken token) in /tmp/KuduLite/Kudu.Core/Deployment/Generator/OryxBuilder.cs:line 136
   at Kudu.Core.Deployment.DeploymentManager.Build(ChangeSet changeSet, ITracer tracer, IDisposable deployStep, IRepository repository, DeploymentInfoBase deploymentInfo, DeploymentAnalytics deploymentAnalytics, Boolean fullBuildByDefault, CancellationToken cancellationToken) in /tmp/KuduLite/Kudu.Core/Deployment/DeploymentManager.cs:line 771
   at Kudu.Core.Deployment.DeploymentManager.Build(ChangeSet changeSet, ITracer tracer, IDisposable deployStep, IRepository repository, DeploymentInfoBase deploymentInfo, DeploymentAnalytics deploymentAnalytics, Boolean fullBuildByDefault, CancellationToken cancellationToken) in /tmp/KuduLite/Kudu.Core/Deployment/DeploymentManager.cs:line 840
   at Kudu.Core.Deployment.DeploymentManager.DeployAsync(IRepository repository, ChangeSet changeSet, String deployer, Boolean clean, DeploymentInfoBase deploymentInfo, Boolean needFileUpdate, Boolean fullBuildByDefault) in /tmp/KuduLite/Kudu.Core/Deployment/DeploymentManager.cs:line 266" /><!-- duration: 13ms -->
      <step title="Incoming Request" date="2025-10-05T18:11:34.360" url="/Error?type=zip" method="POST" type="request" pid="803,1,55" Accept="*/*" Host="cipfaro-formations.scm.azurewebsites.net" User-Agent="AZURECLI/2.77.0 (MSI)" Accept-Encoding="gzip, deflate" Authorization="Bas..." Cache-Control="no-cache" Content-Type="application/octet-stream" Cookie="ARRAffinity=93ba60693efd27c98d25ac695a6ef440c44ba4652104de2a3ed78f5e62ba7f13; ARRAffinitySameSite=93ba60693efd27c98d25ac695a6ef440c44ba4652104de2a3ed78f5e62ba7f13" Content-Length="1326291" x-ms-client-request-id="9e539789-a216-11f0-919d-a8a15940b63d" x-ms-artifact-checksum="fe521d1cc5bd253215a55259982094d448887bc9bb4241a8b5a897ecc410a88a" X-ARR-LOG-ID="9e539789-a216-11f0-919d-a8a15940b63d" CLIENT-IP="90.36.46.238:50898" X-SITE-DEPLOYMENT-ID="cipfaro-formations" WAS-DEFAULT-HOSTNAME="cipfaro-formations.scm.azurewebsites.net" X-Forwarded-Proto="https" X-AppService-Proto="https" X-Forwarded-TlsVersion="1.3" X-WAWS-Unencoded-URL="/api/publish?type=zip" X-Client-IP="90.36.46.238" X-Client-Port="50898" >
        <step title="Outgoing response" date="2025-10-05T18:11:34.495" type="response" statusCode="400" statusText="BadRequest" /><!-- duration: 12ms -->
      </step><!-- duration: 164ms -->
