﻿<?xml version="1.0" encoding="utf-8"?>
<deployment>
  <id>f218c116-e228-4e1d-922d-e3835dfc21b1</id>
  <author>N/A</author>
  <deployer>OneDeploy</deployer>
  <authorEmail>N/A</authorEmail>
  <message>OneDeploy</message>
  <progress></progress>
  <status>Success</status>
  <statusText></statusText>
  <lastSuccessEndTime>2025-10-04T03:15:04.7114934Z</lastSuccessEndTime>
  <receivedTime>2025-10-04T03:15:00.3791624Z</receivedTime>
  <startTime>2025-10-04T03:15:01.9667339Z</startTime>
  <endTime>2025-10-04T03:15:04.7114934Z</endTime>
  <complete>True</complete>
  <is_temp>False</is_temp>
  <is_readonly>True</is_readonly>
  <buildSummary />
</deployment>