﻿<?xml version="1.0" encoding="utf-8"?>
<deployment>
  <id>ca47b60a-9e3e-48f7-9f2f-394331ad3bab</id>
  <author>N/A</author>
  <deployer>OneDeploy</deployer>
  <authorEmail>N/A</authorEmail>
  <message>OneDeploy</message>
  <progress></progress>
  <status>Success</status>
  <statusText></statusText>
  <lastSuccessEndTime>2025-10-05T19:37:00.9654338Z</lastSuccessEndTime>
  <receivedTime>2025-10-05T19:30:58.6610519Z</receivedTime>
  <startTime>2025-10-05T19:31:00.1360198Z</startTime>
  <endTime>2025-10-05T19:37:00.9654338Z</endTime>
  <complete>True</complete>
  <is_temp>False</is_temp>
  <is_readonly>True</is_readonly>
  <buildSummary />
</deployment>