﻿<?xml version="1.0" encoding="utf-8"?>
<deployment>
  <id>cb6dd282-8477-4aac-95bc-159b181cfa15</id>
  <author>N/A</author>
  <deployer>OneDeploy</deployer>
  <authorEmail>N/A</authorEmail>
  <message>OneDeploy</message>
  <progress></progress>
  <status>Success</status>
  <statusText></statusText>
  <lastSuccessEndTime>2025-10-04T03:24:57.7811624Z</lastSuccessEndTime>
  <receivedTime>2025-10-04T03:24:52.6749504Z</receivedTime>
  <startTime>2025-10-04T03:24:54.534767Z</startTime>
  <endTime>2025-10-04T03:24:57.7811624Z</endTime>
  <complete>True</complete>
  <is_temp>False</is_temp>
  <is_readonly>True</is_readonly>
  <buildSummary />
</deployment>