<step title="Incoming Request" date="2025-10-05T18:18:00.925" instance="93ba60" url="/api/deployments/latest?deployer=OneDeploy&amp;time=2025-10-05_18-15-16Z" method="GET" type="request" pid="803,1,47" Host="cipfaro-formations.scm.azurewebsites.net" User-Agent="GITHUBACTIONS_DeployWebAppToAzure_55c9cfb4258ba8b70f1dc89468abbf68e94f2eb521b768f4823f3cce9cf4b357" Authorization="Bea..." Content-Type="application/json; charset=utf-8" Cookie="ARRAffinity=93ba60693efd27c98d25ac695a6ef440c44ba4652104de2a3ed78f5e62ba7f13;Path=/;HttpOnly;Secure;Domain=cipfaro-formations.scm.azurewebsites.net; ARRAffinitySameSite=93ba60693efd27c98d25ac695a6ef440c44ba4652104de2a3ed78f5e62ba7f13;Path=/;HttpOnly;SameSite=None;Secure;Domain=cipfaro-formations.scm.azurewebsites.net" Content-Length="0" X-ARR-LOG-ID="c5cb22fa-79c4-4bd6-a89d-21513dce35d5" CLIENT-IP="172.184.173.242:37904" X-SITE-DEPLOYMENT-ID="cipfaro-formations" WAS-DEFAULT-HOSTNAME="cipfaro-formations.scm.azurewebsites.net" X-Forwarded-Proto="https" X-AppService-Proto="https" X-Forwarded-TlsVersion="1.3" X-WAWS-Unencoded-URL="/api/deployments/latest?deployer=OneDeploy&amp;time=2025-10-05_18-15-16Z" X-Client-IP="172.184.173.242" X-Client-Port="37904" >
  <step title="Cleanup Xml Logs" date="2025-10-05T18:18:00.934" >
    <step title="Cleanup Infos" date="2025-10-05T18:18:00.971" totalFiles="366" totalCleanup="206" /><!-- duration: 27ms -->
  </step><!-- duration: 80ms -->
  <step title="DeploymentService.GetResult" date="2025-10-05T18:18:01.043" >
    <step title="DeploymentService.GetLatestDeployment" date="2025-10-05T18:18:01.057" >
      <step title="DeploymentManager.GetResults" date="2025-10-05T18:18:01.071" /><!-- duration: 1291ms -->
    </step><!-- duration: 1337ms -->
  </step><!-- duration: 1368ms -->
  <step title="Outgoing response" date="2025-10-05T18:18:02.438" type="response" statusCode="202" statusText="Accepted" /><!-- duration: 30ms -->
</step><!-- duration: 1569ms -->
