<step title="Incoming Request" date="2025-10-05T17:21:38.384" instance="93ba60" url="/api/deployments/latest?deployer=OneDeploy&amp;time=2025-10-05_17-15-18Z" method="GET" type="request" pid="803,1,28" Host="cipfaro-formations.scm.azurewebsites.net" User-Agent="GITHUBACTIONS_DeployWebAppToAzure_55c9cfb4258ba8b70f1dc89468abbf68e94f2eb521b768f4823f3cce9cf4b357" Authorization="Bea..." Content-Type="application/json; charset=utf-8" Cookie="ARRAffinity=93ba60693efd27c98d25ac695a6ef440c44ba4652104de2a3ed78f5e62ba7f13;Path=/;HttpOnly;Secure;Domain=cipfaro-formations.scm.azurewebsites.net; ARRAffinitySameSite=93ba60693efd27c98d25ac695a6ef440c44ba4652104de2a3ed78f5e62ba7f13;Path=/;HttpOnly;SameSite=None;Secure;Domain=cipfaro-formations.scm.azurewebsites.net" Content-Length="0" X-ARR-LOG-ID="d66f3a0e-8d04-417d-9299-3f455ce85168" CLIENT-IP="64.236.169.98:50192" X-SITE-DEPLOYMENT-ID="cipfaro-formations" WAS-DEFAULT-HOSTNAME="cipfaro-formations.scm.azurewebsites.net" X-Forwarded-Proto="https" X-AppService-Proto="https" X-Forwarded-TlsVersion="1.3" X-WAWS-Unencoded-URL="/api/deployments/latest?deployer=OneDeploy&amp;time=2025-10-05_17-15-18Z" X-Client-IP="64.236.169.98" X-Client-Port="50192" >
  <step title="Cleanup Xml Logs" date="2025-10-05T17:21:38.400" >
    <step title="Cleanup Infos" date="2025-10-05T17:21:38.439" totalFiles="313" totalCleanup="153" /><!-- duration: 15ms -->
  </step><!-- duration: 71ms -->
  <step title="DeploymentService.GetResult" date="2025-10-05T17:21:38.497" >
    <step title="DeploymentService.GetLatestDeployment" date="2025-10-05T17:21:38.537" >
      <step title="DeploymentManager.GetResults" date="2025-10-05T17:21:38.614" /><!-- duration: 839ms -->
    </step><!-- duration: 942ms -->
  </step><!-- duration: 993ms -->
  <step title="Outgoing response" date="2025-10-05T17:21:39.505" type="response" statusCode="202" statusText="Accepted" /><!-- duration: 10ms -->
</step><!-- duration: 1141ms -->
