<step title="Incoming Request" date="2025-10-05T18:16:58.256" instance="93ba60" url="/api/deployments/latest?deployer=OneDeploy&amp;time=2025-10-05_18-15-16Z" method="GET" type="request" pid="803,1,53" Host="cipfaro-formations.scm.azurewebsites.net" User-Agent="GITHUBACTIONS_DeployWebAppToAzure_55c9cfb4258ba8b70f1dc89468abbf68e94f2eb521b768f4823f3cce9cf4b357" Authorization="Bea..." Content-Type="application/json; charset=utf-8" Cookie="ARRAffinity=93ba60693efd27c98d25ac695a6ef440c44ba4652104de2a3ed78f5e62ba7f13;Path=/;HttpOnly;Secure;Domain=cipfaro-formations.scm.azurewebsites.net; ARRAffinitySameSite=93ba60693efd27c98d25ac695a6ef440c44ba4652104de2a3ed78f5e62ba7f13;Path=/;HttpOnly;SameSite=None;Secure;Domain=cipfaro-formations.scm.azurewebsites.net" Content-Length="0" X-ARR-LOG-ID="4391c63f-8ddd-4985-8ba0-513e6f11d83b" CLIENT-IP="172.184.173.242:37904" X-SITE-DEPLOYMENT-ID="cipfaro-formations" WAS-DEFAULT-HOSTNAME="cipfaro-formations.scm.azurewebsites.net" X-Forwarded-Proto="https" X-AppService-Proto="https" X-Forwarded-TlsVersion="1.3" X-WAWS-Unencoded-URL="/api/deployments/latest?deployer=OneDeploy&amp;time=2025-10-05_18-15-16Z" X-Client-IP="172.184.173.242" X-Client-Port="37904" >
  <step title="Cleanup Xml Logs" date="2025-10-05T18:16:58.275" >
    <step title="Cleanup Infos" date="2025-10-05T18:16:58.315" totalFiles="358" totalCleanup="198" /><!-- duration: 18ms -->
  </step><!-- duration: 63ms -->
  <step title="DeploymentService.GetResult" date="2025-10-05T18:16:58.352" >
    <step title="DeploymentService.GetLatestDeployment" date="2025-10-05T18:16:58.360" >
      <step title="DeploymentManager.GetResults" date="2025-10-05T18:16:58.366" /><!-- duration: 2274ms -->
    </step><!-- duration: 2344ms -->
  </step><!-- duration: 2363ms -->
  <step title="Outgoing response" date="2025-10-05T18:17:00.722" type="response" statusCode="202" statusText="Accepted" /><!-- duration: 14ms -->
</step><!-- duration: 2485ms -->
