<step title="Incoming Request" date="2025-10-05T18:23:28.044" instance="93ba60" url="/api/publish?async=true&amp;deployer=GITHUB_ONE_DEPLOY&amp;type=zip&amp;message=%7B%22type%22%3A%22deployment%22%2C%22sha%22%3A%22cff043d671ffc58d643ad44e85fa874cc6eecd8e%22%2C%22repoName%22%3A%22cipfarorudy%2Fcipfaro-site%22%2C%22actor%22%3A%22cipfarorudy%22%2C%22slotName%22%3A%22Production%22%2C%22commitMessage%22%3A%22%22%7D" method="POST" type="request" pid="803,1,30" Host="cipfaro-formations.scm.azurewebsites.net" User-Agent="GITHUBACTIONS_DeployWebAppToAzure_55c9cfb4258ba8b70f1dc89468abbf68e94f2eb521b768f4823f3cce9cf4b357" Authorization="Bea..." Content-Type="application/octet-stream" Cookie="ARRAffinity=93ba60693efd27c98d25ac695a6ef440c44ba4652104de2a3ed78f5e62ba7f13;Path=/;HttpOnly;Secure;Domain=cipfaro-formations.scm.azurewebsites.net; ARRAffinitySameSite=93ba60693efd27c98d25ac695a6ef440c44ba4652104de2a3ed78f5e62ba7f13;Path=/;HttpOnly;SameSite=None;Secure;Domain=cipfaro-formations.scm.azurewebsites.net" Transfer-Encoding="chunked" X-ARR-LOG-ID="137a2178-7a53-4c2a-99fa-7934e51a116c" CLIENT-IP="20.55.15.98:11264" X-SITE-DEPLOYMENT-ID="cipfaro-formations" WAS-DEFAULT-HOSTNAME="cipfaro-formations.scm.azurewebsites.net" X-Forwarded-Proto="https" X-AppService-Proto="https" X-Forwarded-TlsVersion="1.3" X-WAWS-Unencoded-URL="/api/publish?async=true&amp;deployer=GITHUB_ONE_DEPLOY&amp;type=zip&amp;message=%7B%22type%22%3A%22deployment%22%2C%22sha%22%3A%22cff043d671ffc58d643ad44e85fa874cc6eecd8e%22%2C%22repoName%22%3A%22cipfarorudy%2Fcipfaro-site%22%2C%22actor%22%3A%22cipfarorudy%22%2C%22slotName%22%3A%22Production%22%2C%22commitMessage%22%3A%22%22%7D" X-Client-IP="20.55.15.98" X-Client-Port="11264" >
  <step title="OneDeploy" date="2025-10-05T18:23:28.085" >
    <step title="Starting PushDeployAsync" date="2025-10-05T18:23:28.133" /><!-- duration: 53ms -->
    <step title="Writing artifact to /tmp/zipdeploy/ef4c8703-d75d-4ded-9017-52476ab898d3.zip" date="2025-10-05T18:23:28.237" >
      <step title="Writing multipart request body to /tmp/zipdeploy/ef4c8703-d75d-4ded-9017-52476ab898d3.zip" date="2025-10-05T18:23:28.265" /><!-- duration: 31ms -->
    </step><!-- duration: 7012ms -->
    <step title="Start deployment in the background" date="2025-10-05T18:23:35.343" >
      <step title="Acquiring Deployment Lock" date="2025-10-05T18:23:35.431" /><!-- duration: 26ms -->
      <step title="Cannot Acquire Deployment Lock already held" date="2025-10-05T18:23:35.515" /><!-- duration: 40ms -->
    </step><!-- duration: 421ms -->
    <step title="There is a deployment currently in progress. Please try again when it completes." date="2025-10-05T18:23:35.820" /><!-- duration: 20ms -->
  </step><!-- duration: 7774ms -->
  <step title="Outgoing response" date="2025-10-05T18:23:35.897" type="response" statusCode="409" statusText="Conflict" /><!-- duration: 44ms -->
</step><!-- duration: 7951ms -->
