<step title="Incoming Request" date="2025-10-05T18:15:09.459" instance="93ba60" url="/api/publish?async=true&amp;deployer=GITHUB_ONE_DEPLOY&amp;type=zip&amp;message=%7B%22type%22%3A%22deployment%22%2C%22sha%22%3A%22cff043d671ffc58d643ad44e85fa874cc6eecd8e%22%2C%22repoName%22%3A%22cipfarorudy%2Fcipfaro-site%22%2C%22actor%22%3A%22cipfarorudy%22%2C%22slotName%22%3A%22Production%22%2C%22commitMessage%22%3A%22Fix%3A%20Use%20server-simple.js%20for%20Azure%20deployment%22%7D" method="POST" type="request" pid="803,1,53" Host="cipfaro-formations.scm.azurewebsites.net" User-Agent="GITHUBACTIONS_DeployWebAppToAzure_55c9cfb4258ba8b70f1dc89468abbf68e94f2eb521b768f4823f3cce9cf4b357" Authorization="Bea..." Content-Type="application/octet-stream" Cookie="ARRAffinity=93ba60693efd27c98d25ac695a6ef440c44ba4652104de2a3ed78f5e62ba7f13;Path=/;HttpOnly;Secure;Domain=cipfaro-formations.scm.azurewebsites.net; ARRAffinitySameSite=93ba60693efd27c98d25ac695a6ef440c44ba4652104de2a3ed78f5e62ba7f13;Path=/;HttpOnly;SameSite=None;Secure;Domain=cipfaro-formations.scm.azurewebsites.net" Transfer-Encoding="chunked" X-ARR-LOG-ID="ea6667ea-49d5-451d-b931-d45bc1d03c76" CLIENT-IP="172.184.173.242:37904" X-SITE-DEPLOYMENT-ID="cipfaro-formations" WAS-DEFAULT-HOSTNAME="cipfaro-formations.scm.azurewebsites.net" X-Forwarded-Proto="https" X-AppService-Proto="https" X-Forwarded-TlsVersion="1.3" X-WAWS-Unencoded-URL="/api/publish?async=true&amp;deployer=GITHUB_ONE_DEPLOY&amp;type=zip&amp;message=%7B%22type%22%3A%22deployment%22%2C%22sha%22%3A%22cff043d671ffc58d643ad44e85fa874cc6eecd8e%22%2C%22repoName%22%3A%22cipfarorudy%2Fcipfaro-site%22%2C%22actor%22%3A%22cipfarorudy%22%2C%22slotName%22%3A%22Production%22%2C%22commitMessage%22%3A%22Fix%3A%20Use%20server-simple.js%20for%20Azure%20deployment%22%7D" X-Client-IP="172.184.173.242" X-Client-Port="37904" >
  <step title="Cleanup Xml Logs" date="2025-10-05T18:15:09.463" >
    <step title="Cleanup Infos" date="2025-10-05T18:15:09.493" totalFiles="342" totalCleanup="182" /><!-- duration: 37ms -->
  </step><!-- duration: 75ms -->
  <step title="OneDeploy" date="2025-10-05T18:15:09.577" >
    <step title="Starting PushDeployAsync" date="2025-10-05T18:15:09.596" /><!-- duration: 8ms -->
    <step title="Writing artifact to /tmp/zipdeploy/13bce6e4-8905-4f9f-8ba9-36277b2b274c.zip" date="2025-10-05T18:15:09.626" >
      <step title="Writing multipart request body to /tmp/zipdeploy/13bce6e4-8905-4f9f-8ba9-36277b2b274c.zip" date="2025-10-05T18:15:09.637" /><!-- duration: 16ms -->
    </step><!-- duration: 6040ms -->
    <step title="Start deployment in the background" date="2025-10-05T18:15:15.725" >
      <step title="Acquiring Deployment Lock" date="2025-10-05T18:15:15.816" /><!-- duration: 7ms -->
      <step title="Acquired Deployment Lock" date="2025-10-05T18:15:15.869" /><!-- duration: 8ms -->
    </step><!-- duration: 314ms -->
  </step><!-- duration: 6491ms -->
  <step title="Outgoing response" date="2025-10-05T18:15:16.082" type="response" statusCode="202" statusText="Accepted" /><!-- duration: 7ms -->
</step><!-- duration: 6637ms -->
