<step title="Incoming Request" date="2025-10-05T18:23:55.436" instance="93ba60" url="/api/deployments/latest?deployer=OneDeploy&amp;time=2025-10-05_18-22-28Z" method="GET" type="request" pid="803,1,30" Host="cipfaro-formations.scm.azurewebsites.net" User-Agent="GITHUBACTIONS_DeployWebAppToAzure_55c9cfb4258ba8b70f1dc89468abbf68e94f2eb521b768f4823f3cce9cf4b357" Authorization="Bea..." Content-Type="application/json; charset=utf-8" Cookie="ARRAffinity=93ba60693efd27c98d25ac695a6ef440c44ba4652104de2a3ed78f5e62ba7f13;Path=/;HttpOnly;Secure;Domain=cipfaro-formations.scm.azurewebsites.net; ARRAffinitySameSite=93ba60693efd27c98d25ac695a6ef440c44ba4652104de2a3ed78f5e62ba7f13;Path=/;HttpOnly;SameSite=None;Secure;Domain=cipfaro-formations.scm.azurewebsites.net" Content-Length="0" X-ARR-LOG-ID="1b102d26-8fa4-4bb2-a813-567273b73f7b" CLIENT-IP="20.42.42.213:51202" X-SITE-DEPLOYMENT-ID="cipfaro-formations" WAS-DEFAULT-HOSTNAME="cipfaro-formations.scm.azurewebsites.net" X-Forwarded-Proto="https" X-AppService-Proto="https" X-Forwarded-TlsVersion="1.3" X-WAWS-Unencoded-URL="/api/deployments/latest?deployer=OneDeploy&amp;time=2025-10-05_18-22-28Z" X-Client-IP="20.42.42.213" X-Client-Port="51202" >
  <step title="Cleanup Xml Logs" date="2025-10-05T18:23:55.447" >
    <step title="Cleanup Infos" date="2025-10-05T18:23:55.510" totalFiles="426" totalCleanup="266" /><!-- duration: 30ms -->
  </step><!-- duration: 100ms -->
  <step title="DeploymentService.GetResult" date="2025-10-05T18:23:55.560" >
    <step title="DeploymentService.GetLatestDeployment" date="2025-10-05T18:23:55.571" >
      <step title="DeploymentManager.GetResults" date="2025-10-05T18:23:55.583" /><!-- duration: 989ms -->
    </step><!-- duration: 1016ms -->
  </step><!-- duration: 1041ms -->
  <step title="Outgoing response" date="2025-10-05T18:23:56.612" type="response" statusCode="202" statusText="Accepted" /><!-- duration: 10ms -->
</step><!-- duration: 1193ms -->
