<step title="Incoming Request" date="2025-10-05T17:23:20.567" instance="93ba60" url="/api/deployments/latest?deployer=OneDeploy&amp;time=2025-10-05_17-15-18Z" method="GET" type="request" pid="803,1,29" Host="cipfaro-formations.scm.azurewebsites.net" User-Agent="GITHUBACTIONS_DeployWebAppToAzure_55c9cfb4258ba8b70f1dc89468abbf68e94f2eb521b768f4823f3cce9cf4b357" Authorization="Bea..." Content-Type="application/json; charset=utf-8" Cookie="ARRAffinity=93ba60693efd27c98d25ac695a6ef440c44ba4652104de2a3ed78f5e62ba7f13;Path=/;HttpOnly;Secure;Domain=cipfaro-formations.scm.azurewebsites.net; ARRAffinitySameSite=93ba60693efd27c98d25ac695a6ef440c44ba4652104de2a3ed78f5e62ba7f13;Path=/;HttpOnly;SameSite=None;Secure;Domain=cipfaro-formations.scm.azurewebsites.net" Content-Length="0" X-ARR-LOG-ID="d52d7e7d-f6ac-4b70-9710-1cffb43f516a" CLIENT-IP="64.236.169.98:50194" X-SITE-DEPLOYMENT-ID="cipfaro-formations" WAS-DEFAULT-HOSTNAME="cipfaro-formations.scm.azurewebsites.net" X-Forwarded-Proto="https" X-AppService-Proto="https" X-Forwarded-TlsVersion="1.3" X-WAWS-Unencoded-URL="/api/deployments/latest?deployer=OneDeploy&amp;time=2025-10-05_17-15-18Z" X-Client-IP="64.236.169.98" X-Client-Port="50194" >
  <step title="Cleanup Xml Logs" date="2025-10-05T17:23:20.607" >
    <step title="Cleanup Infos" date="2025-10-05T17:23:20.710" totalFiles="328" totalCleanup="168" /><!-- duration: 23ms -->
  </step><!-- duration: 138ms -->
  <step title="DeploymentService.GetResult" date="2025-10-05T17:23:20.769" >
    <step title="DeploymentService.GetLatestDeployment" date="2025-10-05T17:23:20.780" >
      <step title="DeploymentManager.GetResults" date="2025-10-05T17:23:20.793" /><!-- duration: 762ms -->
    </step><!-- duration: 787ms -->
  </step><!-- duration: 825ms -->
  <step title="Outgoing response" date="2025-10-05T17:23:21.615" type="response" statusCode="202" statusText="Accepted" /><!-- duration: 18ms -->
</step><!-- duration: 1082ms -->
