<step title="Incoming Request" date="2025-10-05T18:22:19.362" instance="93ba60" url="/api/publish?async=true&amp;deployer=GITHUB_ONE_DEPLOY&amp;type=zip&amp;message=%7B%22type%22%3A%22deployment%22%2C%22sha%22%3A%22cff043d671ffc58d643ad44e85fa874cc6eecd8e%22%2C%22repoName%22%3A%22cipfarorudy%2Fcipfaro-site%22%2C%22actor%22%3A%22cipfarorudy%22%2C%22slotName%22%3A%22Production%22%2C%22commitMessage%22%3A%22%22%7D" method="POST" type="request" pid="803,1,38" Host="cipfaro-formations.scm.azurewebsites.net" User-Agent="GITHUBACTIONS_DeployWebAppToAzure_55c9cfb4258ba8b70f1dc89468abbf68e94f2eb521b768f4823f3cce9cf4b357" Authorization="Bea..." Content-Type="application/octet-stream" Cookie="ARRAffinity=93ba60693efd27c98d25ac695a6ef440c44ba4652104de2a3ed78f5e62ba7f13;Path=/;HttpOnly;Secure;Domain=cipfaro-formations.scm.azurewebsites.net; ARRAffinitySameSite=93ba60693efd27c98d25ac695a6ef440c44ba4652104de2a3ed78f5e62ba7f13;Path=/;HttpOnly;SameSite=None;Secure;Domain=cipfaro-formations.scm.azurewebsites.net" Transfer-Encoding="chunked" X-ARR-LOG-ID="6e309b48-6072-4ee1-9727-4bac4f7b0f74" CLIENT-IP="20.42.42.213:51201" X-SITE-DEPLOYMENT-ID="cipfaro-formations" WAS-DEFAULT-HOSTNAME="cipfaro-formations.scm.azurewebsites.net" X-Forwarded-Proto="https" X-AppService-Proto="https" X-Forwarded-TlsVersion="1.3" X-WAWS-Unencoded-URL="/api/publish?async=true&amp;deployer=GITHUB_ONE_DEPLOY&amp;type=zip&amp;message=%7B%22type%22%3A%22deployment%22%2C%22sha%22%3A%22cff043d671ffc58d643ad44e85fa874cc6eecd8e%22%2C%22repoName%22%3A%22cipfarorudy%2Fcipfaro-site%22%2C%22actor%22%3A%22cipfarorudy%22%2C%22slotName%22%3A%22Production%22%2C%22commitMessage%22%3A%22%22%7D" X-Client-IP="20.42.42.213" X-Client-Port="51201" >
  <step title="OneDeploy" date="2025-10-05T18:22:19.436" >
    <step title="Starting PushDeployAsync" date="2025-10-05T18:22:19.487" /><!-- duration: 16ms -->
    <step title="Writing artifact to /tmp/zipdeploy/1ca607dc-3028-4272-ad28-f549f5cf7970.zip" date="2025-10-05T18:22:19.559" >
      <step title="Writing multipart request body to /tmp/zipdeploy/1ca607dc-3028-4272-ad28-f549f5cf7970.zip" date="2025-10-05T18:22:19.570" /><!-- duration: 18ms -->
    </step><!-- duration: 8287ms -->
    <step title="Start deployment in the background" date="2025-10-05T18:22:27.914" >
      <step title="Acquiring Deployment Lock" date="2025-10-05T18:22:28.129" /><!-- duration: 80ms -->
      <step title="Acquired Deployment Lock" date="2025-10-05T18:22:28.318" /><!-- duration: 18ms -->
    </step><!-- duration: 653ms -->
  </step><!-- duration: 9197ms -->
  <step title="Outgoing response" date="2025-10-05T18:22:28.679" type="response" statusCode="202" statusText="Accepted" /><!-- duration: 15ms -->
</step><!-- duration: 9351ms -->
