<step title="Incoming Request" date="2025-10-04T13:04:14.634" instance="da4120" url="/api/publish?async=true&amp;deployer=GITHUB_ONE_DEPLOY&amp;type=zip&amp;message=%7B%22type%22%3A%22deployment%22%2C%22sha%22%3A%22a9bc8b50ef6792977ec17ebdfd02881b403c2411%22%2C%22repoName%22%3A%22cipfarorudy%2Fcipfaro-site%22%2C%22actor%22%3A%22cipfarorudy%22%2C%22slotName%22%3A%22Production%22%2C%22commitMessage%22%3A%22Add%20or%20update%20the%20Azure%20App%20Service%20build%20and%20deployment%20workflow%20config%22%7D" method="POST" type="request" pid="821,1,16" Host="cipfaro-formations.scm.azurewebsites.net" User-Agent="GITHUBACTIONS_DeployWebAppToAzure_55c9cfb4258ba8b70f1dc89468abbf68e94f2eb521b768f4823f3cce9cf4b357" Authorization="Bea..." Content-Type="application/octet-stream" Cookie="ARRAffinity=da4120b0cd2c3bf45e7a522fd31172e3f3306e5d97465e97afa2b8b5d3b0b609;Path=/;HttpOnly;Secure;Domain=cipfaro-formations.scm.azurewebsites.net; ARRAffinitySameSite=da4120b0cd2c3bf45e7a522fd31172e3f3306e5d97465e97afa2b8b5d3b0b609;Path=/;HttpOnly;SameSite=None;Secure;Domain=cipfaro-formations.scm.azurewebsites.net" Transfer-Encoding="chunked" X-ARR-LOG-ID="a2aa7339-cc13-4b53-b9c6-c3f43e79cb67" CLIENT-IP="104.209.7.35:30721" X-SITE-DEPLOYMENT-ID="cipfaro-formations" WAS-DEFAULT-HOSTNAME="cipfaro-formations.scm.azurewebsites.net" X-Forwarded-Proto="https" X-AppService-Proto="https" X-Forwarded-TlsVersion="1.3" X-WAWS-Unencoded-URL="/api/publish?async=true&amp;deployer=GITHUB_ONE_DEPLOY&amp;type=zip&amp;message=%7B%22type%22%3A%22deployment%22%2C%22sha%22%3A%22a9bc8b50ef6792977ec17ebdfd02881b403c2411%22%2C%22repoName%22%3A%22cipfarorudy%2Fcipfaro-site%22%2C%22actor%22%3A%22cipfarorudy%22%2C%22slotName%22%3A%22Production%22%2C%22commitMessage%22%3A%22Add%20or%20update%20the%20Azure%20App%20Service%20build%20and%20deployment%20workflow%20config%22%7D" X-Client-IP="104.209.7.35" X-Client-Port="30721" >
  <step title="Cleanup Xml Logs" date="2025-10-04T13:04:14.642" /><!-- duration: 10ms -->
  <step title="OneDeploy" date="2025-10-04T13:04:14.719" >
    <step title="None repository commit" date="2025-10-04T13:04:14.731" >
      <step title="Commit id: 8e8b8424-df69-4317-b214-fa5c198fb712" date="2025-10-04T13:04:14.736" Message="N/A" AuthorName="N/A" AuthorEmail="N/A" /><!-- duration: 5ms -->
    </step><!-- duration: 15ms -->
    <step title="Starting PushDeployAsync" date="2025-10-04T13:04:14.760" /><!-- duration: 5ms -->
    <step title="Writing artifact to /tmp/zipdeploy/3a8f0ecf-626b-4ebd-af4e-521338d7c8fc.zip" date="2025-10-04T13:04:14.793" >
      <step title="Writing multipart request body to /tmp/zipdeploy/3a8f0ecf-626b-4ebd-af4e-521338d7c8fc.zip" date="2025-10-04T13:04:14.799" /><!-- duration: 10ms -->
    </step><!-- duration: 2461ms -->
    <step title="Start deployment in the background" date="2025-10-04T13:04:17.275" >
      <step title="Acquiring Deployment Lock" date="2025-10-04T13:04:17.297" /><!-- duration: 6ms -->
      <step title="Acquired Deployment Lock" date="2025-10-04T13:04:17.356" /><!-- duration: 14ms -->
    </step><!-- duration: 190ms -->
  </step><!-- duration: 2754ms -->
  <step title="Outgoing response" date="2025-10-04T13:04:17.481" type="response" statusCode="202" statusText="Accepted" /><!-- duration: 6ms -->
</step><!-- duration: 2858ms -->
