<step title="Incoming Request" date="2025-10-05T18:23:20.705" instance="93ba60" url="/api/deployments/latest?deployer=OneDeploy&amp;time=2025-10-05_18-22-28Z" method="GET" type="request" pid="803,1,52" Host="cipfaro-formations.scm.azurewebsites.net" User-Agent="GITHUBACTIONS_DeployWebAppToAzure_55c9cfb4258ba8b70f1dc89468abbf68e94f2eb521b768f4823f3cce9cf4b357" Authorization="Bea..." Content-Type="application/json; charset=utf-8" Cookie="ARRAffinity=93ba60693efd27c98d25ac695a6ef440c44ba4652104de2a3ed78f5e62ba7f13;Path=/;HttpOnly;Secure;Domain=cipfaro-formations.scm.azurewebsites.net; ARRAffinitySameSite=93ba60693efd27c98d25ac695a6ef440c44ba4652104de2a3ed78f5e62ba7f13;Path=/;HttpOnly;SameSite=None;Secure;Domain=cipfaro-formations.scm.azurewebsites.net" Content-Length="0" X-ARR-LOG-ID="dd3be7b0-5192-4d3a-ab49-76c3fdbd54db" CLIENT-IP="20.42.42.213:51200" X-SITE-DEPLOYMENT-ID="cipfaro-formations" WAS-DEFAULT-HOSTNAME="cipfaro-formations.scm.azurewebsites.net" X-Forwarded-Proto="https" X-AppService-Proto="https" X-Forwarded-TlsVersion="1.3" X-WAWS-Unencoded-URL="/api/deployments/latest?deployer=OneDeploy&amp;time=2025-10-05_18-22-28Z" X-Client-IP="20.42.42.213" X-Client-Port="51200" >
  <step title="Cleanup Xml Logs" date="2025-10-05T18:23:20.742" >
    <step title="Cleanup Infos" date="2025-10-05T18:23:20.855" totalFiles="419" totalCleanup="259" /><!-- duration: 38ms -->
  </step><!-- duration: 176ms -->
  <step title="DeploymentService.GetResult" date="2025-10-05T18:23:20.959" >
    <step title="DeploymentService.GetLatestDeployment" date="2025-10-05T18:23:20.975" >
      <step title="DeploymentManager.GetResults" date="2025-10-05T18:23:20.985" /><!-- duration: 1192ms -->
    </step><!-- duration: 1215ms -->
  </step><!-- duration: 1251ms -->
  <step title="Outgoing response" date="2025-10-05T18:23:22.229" type="response" statusCode="202" statusText="Accepted" /><!-- duration: 17ms -->
</step><!-- duration: 1551ms -->
