<step title="Incoming Request" date="2025-10-05T12:01:36.114" instance="9e32f1" url="/api/publish?async=true&amp;deployer=GITHUB_ONE_DEPLOY&amp;type=zip&amp;message=%7B%22type%22%3A%22deployment%22%2C%22sha%22%3A%22976e5154d178fd8fa17f75db949088b6b93f98db%22%2C%22repoName%22%3A%22cipfarorudy%2Fcipfaro-site%22%2C%22actor%22%3A%22cipfarorudy%22%2C%22slotName%22%3A%22Production%22%2C%22commitMessage%22%3A%22%20MEGA%20UPDATE%3A%20Impl%C3%A9mentation%20compl%C3%A8te%20de%20toutes%20les%20am%C3%A9liorations%5Cn%5Cn%20NOUVELLES%20FONCTIONNALIT%C3%89S%3A%5Cn-%20API%20Backend%20compl%C3%A8te%20avec%20Express%20%2B%20TypeScript%5Cn-%20Base%20de%20donn%C3%A9es%20PostgreSQL%20avec%20sch%C3%A9ma%20complet%5Cn-%20Syst%C3%A8me%20d%27authentification%20JWT%20(Admin%2FFormateur%2FStagiaire)%5Cn-%20Upload%20de%20fichiers%20s%C3%A9curis%C3%A9%20avec%20validation%5Cn-%20Syst%C3%A8me%20d%27email%20automatis%C3%A9%20avec%20Nodemailer%5Cn-%20Interface%20de%20test%20compl%C3%A8te%20pour%20l%27API%5Cn-%20Nouveaux%20composants%20UI%20avec%20Tailwind%20CSS%5Cn%5Cn%20AM%C3%89LIORATIONS%20TECHNIQUES%3A%5Cn-%20Migration%20vers%20TypeScript%20pour%20un%20code%20plus%20robuste%5Cn-%20Configuration%20compl%C3%A8te%20de%20l%27environnement%20de%20d%C3%A9veloppement%5Cn-%20Scripts%20de%20d%C3%A9ploiement%20automatis%C3%A9s%5Cn-%20Documentation%20compl%C3%A8te%20d%27utilisation%5Cn-%20Tests%20end-to-end%20pour%20toutes%20les%20fonctionnalit%C3%A9s%5Cn%5Cn%20BACKEND%20API%3A%5Cn-%20Routes%20compl%C3%A8tes%20pour%20Contact%2C%20Devis%2C%20Formations%5Cn-%20Authentification%20s%C3%A9curis%C3%A9e%20avec%20hash%20des%20mots%20de%20passe%5Cn-%20Rate%20limiting%20et%20validation%20des%20entr%C3%A9es%5Cn-%20Gestion%20des%20erreurs%20centralis%C3%A9e%5Cn-%20Support%20complet%20CORS%20pour%20d%C3%A9veloppement%2Fproduction%5Cn%5Cn%20BASE%20DE%20DONN%C3%89ES%3A%5Cn-%2015%2B%20tables%20pour%20gestion%20compl%22%7D" method="POST" type="request" pid="825,1,47" Host="cipfaro-formations.scm.azurewebsites.net" User-Agent="GITHUBACTIONS_DeployWebAppToAzure_55c9cfb4258ba8b70f1dc89468abbf68e94f2eb521b768f4823f3cce9cf4b357" Authorization="Bea..." Content-Type="application/octet-stream" Cookie="ARRAffinity=9e32f1660e6ecfeef48f2a0fcfda254b426e2af730e492f0b87ea119d1f67577;Path=/;HttpOnly;Secure;Domain=cipfaro-formations.scm.azurewebsites.net; ARRAffinitySameSite=9e32f1660e6ecfeef48f2a0fcfda254b426e2af730e492f0b87ea119d1f67577;Path=/;HttpOnly;SameSite=None;Secure;Domain=cipfaro-formations.scm.azurewebsites.net" Transfer-Encoding="chunked" X-ARR-LOG-ID="d8b940a2-279a-4b85-93ec-7429e284951f" CLIENT-IP="135.232.201.52:44032" X-SITE-DEPLOYMENT-ID="cipfaro-formations" WAS-DEFAULT-HOSTNAME="cipfaro-formations.scm.azurewebsites.net" X-Forwarded-Proto="https" X-AppService-Proto="https" X-Forwarded-TlsVersion="1.3" X-WAWS-Unencoded-URL="/api/publish?async=true&amp;deployer=GITHUB_ONE_DEPLOY&amp;type=zip&amp;message=%7B%22type%22%3A%22deployment%22%2C%22sha%22%3A%22976e5154d178fd8fa17f75db949088b6b93f98db%22%2C%22repoName%22%3A%22cipfarorudy%2Fcipfaro-site%22%2C%22actor%22%3A%22cipfarorudy%22%2C%22slotName%22%3A%22Production%22%2C%22commitMessage%22%3A%22%20MEGA%20UPDATE%3A%20Impl%C3%A9mentation%20compl%C3%A8te%20de%20toutes%20les%20am%C3%A9liorations%5Cn%5Cn%20NOUVELLES%20FONCTIONNALIT%C3%89S%3A%5Cn-%20API%20Backend%20compl%C3%A8te%20avec%20Express%20%2B%20TypeScript%5Cn-%20Base%20de%20donn%C3%A9es%20PostgreSQL%20avec%20sch%C3%A9ma%20complet%5Cn-%20Syst%C3%A8me%20d%27authentification%20JWT%20(Admin%2FFormateur%2FStagiaire)%5Cn-%20Upload%20de%20fichiers%20s%C3%A9curis%C3%A9%20avec%20validation%5Cn-%20Syst%C3%A8me%20d%27email%20automatis%C3%A9%20avec%20Nodemailer%5Cn-%20Interface%20de%20test%20compl%C3%A8te%20pour%20l%27API%5Cn-%20Nouveaux%20composants%20UI%20avec%20Tailwind%20CSS%5Cn%5Cn%20AM%C3%89LIORATIONS%20TECHNIQUES%3A%5Cn-%20Migration%20vers%20TypeScript%20pour%20un%20code%20plus%20robuste%5Cn-%20Configuration%20compl%C3%A8te%20de%20l%27environnement%20de%20d%C3%A9veloppement%5Cn-%20Scripts%20de%20d%C3%A9ploiement%20automatis%C3%A9s%5Cn-%20Documentation%20compl%C3%A8te%20d%27utilisation%5Cn-%20Tests%20end-to-end%20pour%20toutes%20les%20fonctionnalit%C3%A9s%5Cn%5Cn%20BACKEND%20API%3A%5Cn-%20Routes%20compl%C3%A8tes%20pour%20Contact%2C%20Devis%2C%20Formations%5Cn-%20Authentification%20s%C3%A9curis%C3%A9e%20avec%20hash%20des%20mots%20de%20passe%5Cn-%20Rate%20limiting%20et%20validation%20des%20entr%C3%A9es%5Cn-%20Gestion%20des%20erreurs%20centralis%C3%A9e%5Cn-%20Support%20complet%20CORS%20pour%20d%C3%A9veloppement%2Fproduction%5Cn%5Cn%20BASE%20DE%20DONN%C3%89ES%3A%5Cn-%2015%2B%20tables%20pour%20gestion%20compl%22%7D" X-Client-IP="135.232.201.52" X-Client-Port="44032" >
  <step title="Cleanup Xml Logs" date="2025-10-05T12:01:36.125" /><!-- duration: 16ms -->
  <step title="OneDeploy" date="2025-10-05T12:01:36.341" >
    <step title="Starting PushDeployAsync" date="2025-10-05T12:01:36.381" /><!-- duration: 11ms -->
    <step title="Removing node_modules symlink" date="2025-10-05T12:01:36.488" >
      <step title="Writing artifact to /tmp/zipdeploy/2aa182af-04b5-4805-b803-1bf9c49fc9f3.zip" date="2025-10-05T12:01:36.753" >
        <step title="Writing multipart request body to /tmp/zipdeploy/2aa182af-04b5-4805-b803-1bf9c49fc9f3.zip" date="2025-10-05T12:01:36.766" /><!-- duration: 17ms -->
      </step><!-- duration: 5096ms -->
      <step title="Start deployment in the background" date="2025-10-05T12:01:41.944" >
        <step title="Acquiring Deployment Lock" date="2025-10-05T12:01:42.029" /><!-- duration: 12ms -->
        <step title="Acquired Deployment Lock" date="2025-10-05T12:01:42.142" /><!-- duration: 10ms -->
      </step><!-- duration: 906ms -->
    </step><!-- duration: 6422ms -->
    <step title="Outgoing response" date="2025-10-05T12:01:42.931" type="response" statusCode="202" statusText="Accepted" /><!-- duration: 7ms -->
  </step><!-- duration: 6608ms -->
